student_name,dob,age,observation_date,domain,observation_text
V.VISHALINI,13/11/2000,25,2026-09-07,Communication,V.Vishalini asked several questions and described what they were doing in complete sentences.
V.VISHALINI,13/11/2000,25,2026-09-07,Social Interaction,V.Vishalini greeted peers warmly and initiated a short conversation before the activity began.
V.VISHALINI,13/11/2000,25,2026-09-07,Play,V.Vishalini chose an activity independently and stayed engaged with it.
V.VISHALINI,13/11/2000,25,2026-09-07,Motor Skills,V.Vishalini held a pencil or crayon with an appropriate grip while drawing.
V.VISHALINI,13/11/2000,25,2026-09-07,General Development,V.Vishalini arrived ready for the day and settled into the routine smoothly.
V.VISHALINI,13/11/2000,25,2026-09-08,Communication,V.Vishalini expressed a need clearly and waited patiently for a response.
V.VISHALINI,13/11/2000,25,2026-09-08,Social Interaction,V.Vishalini took turns and shared materials with peers during a group activity.
V.VISHALINI,13/11/2000,25,2026-09-08,Play,V.Vishalini used props creatively during pretend play with a peer.
V.VISHALINI,13/11/2000,25,2026-09-08,Motor Skills,"V.Vishalini navigated the classroom space safely, avoiding obstacles."
V.VISHALINI,13/11/2000,25,2026-09-08,General Development,V.Vishalini showed increasing independence in managing personal belongings.
V.VISHALINI,13/11/2000,25,2026-09-09,Communication,V.Vishalini described a picture or object in detail using descriptive words.
V.VISHALINI,13/11/2000,25,2026-09-09,Social Interaction,V.Vishalini worked alongside a peer on a shared task without conflict.
V.VISHALINI,13/11/2000,25,2026-09-09,Play,"V.Vishalini engaged in imaginative play, creating a story around the activity."
V.VISHALINI,13/11/2000,25,2026-09-09,Motor Skills,V.Vishalini threw and caught a ball with improving accuracy.
V.VISHALINI,13/11/2000,25,2026-09-09,General Development,V.Vishalini adapted well to a small change in the daily schedule.
V.VISHALINI,13/11/2000,25,2026-09-10,Communication,V.Vishalini followed a two-step verbal instruction without needing it repeated.
V.VISHALINI,13/11/2000,25,2026-09-10,Social Interaction,V.Vishalini offered to help a classmate who was struggling with a task.
V.VISHALINI,13/11/2000,25,2026-09-10,Play,V.Vishalini took on a role during group play and stayed in character.
V.VISHALINI,13/11/2000,25,2026-09-10,Motor Skills,V.Vishalini showed good balance and coordination during physical activity.
V.VISHALINI,13/11/2000,25,2026-09-10,General Development,V.Vishalini followed classroom routines with minimal reminders.
V.VISHALINI,13/11/2000,25,2026-09-11,Communication,V.Vishalini initiated a conversation with a peer during free time.
V.VISHALINI,13/11/2000,25,2026-09-11,Social Interaction,V.Vishalini joined an ongoing group activity smoothly and appropriately.
V.VISHALINI,13/11/2000,25,2026-09-11,Play,V.Vishalini shared toys willingly during free play time.
V.VISHALINI,13/11/2000,25,2026-09-11,Motor Skills,V.Vishalini used scissors carefully to cut along a line.
V.VISHALINI,13/11/2000,25,2026-09-11,General Development,V.Vishalini showed overall steady progress and engagement in daily routines.
V.VISHALINI,13/11/2000,25,2026-09-12,Communication,"V.Vishalini shared a story from earlier in the day, using clear and expressive language."
V.VISHALINI,13/11/2000,25,2026-09-12,Social Interaction,V.Vishalini responded positively when a peer offered to share or help.
V.VISHALINI,13/11/2000,25,2026-09-12,Play,V.Vishalini tried a new game and quickly understood the rules.
V.VISHALINI,13/11/2000,25,2026-09-12,Motor Skills,V.Vishalini completed a hopping or jumping activity with steady rhythm.
V.VISHALINI,13/11/2000,25,2026-09-12,General Development,V.Vishalini demonstrated growing confidence when trying a new task.
V.VISHALINI,13/11/2000,25,2026-09-13,Communication,V.Vishalini answered questions about their day with relevant and organized responses.
V.VISHALINI,13/11/2000,25,2026-09-13,Social Interaction,V.Vishalini invited others to join an activity and cooperated well throughout.
V.VISHALINI,13/11/2000,25,2026-09-13,Play,V.Vishalini showed persistence while completing a challenging puzzle.
V.VISHALINI,13/11/2000,25,2026-09-13,Motor Skills,V.Vishalini stacked or arranged small objects with a steady hand.
V.VISHALINI,13/11/2000,25,2026-09-13,General Development,V.Vishalini stayed engaged and attentive throughout the session.
V.VISHALINI,13/11/2000,25,2026-09-14,Communication,V.Vishalini used appropriate greetings and farewells with staff and peers.
V.VISHALINI,13/11/2000,25,2026-09-14,Social Interaction,V.Vishalini maintained appropriate personal space and eye contact during interactions.
V.VISHALINI,13/11/2000,25,2026-09-14,Play,V.Vishalini stayed focused on a building/construction activity for an extended time.
V.VISHALINI,13/11/2000,25,2026-09-14,Motor Skills,V.Vishalini buttoned or zipped their own clothing without assistance.
V.VISHALINI,13/11/2000,25,2026-09-14,General Development,V.Vishalini managed transitions between activities calmly and independently.
V.VISHALINI,13/11/2000,25,2026-09-15,Communication,V.Vishalini expressed a preference between two choices when asked.
V.VISHALINI,13/11/2000,25,2026-09-15,Social Interaction,V.Vishalini resolved a small disagreement with a peer calmly and with guidance.
V.VISHALINI,13/11/2000,25,2026-09-15,Play,"V.Vishalini engaged in cooperative play, taking turns leading the activity."
V.VISHALINI,13/11/2000,25,2026-09-15,Motor Skills,V.Vishalini used fine motor skills carefully while handling small objects.
V.VISHALINI,13/11/2000,25,2026-09-15,General Development,V.Vishalini showed good self-regulation when faced with a minor frustration.
V.VISHALINI,13/11/2000,25,2026-09-16,Communication,V.Vishalini recounted the sequence of an activity in the correct order.
V.VISHALINI,13/11/2000,25,2026-09-16,Social Interaction,V.Vishalini celebrated a peer's success and offered words of encouragement.
V.VISHALINI,13/11/2000,25,2026-09-16,Play,V.Vishalini displayed enjoyment and enthusiasm during outdoor play.
V.VISHALINI,13/11/2000,25,2026-09-16,Motor Skills,V.Vishalini maintained balance while walking along a line or beam.
V.VISHALINI,13/11/2000,25,2026-09-16,General Development,V.Vishalini completed a daily task independently with minimal guidance.
V.VISHALINI,13/11/2000,25,2026-09-17,Communication,V.Vishalini used new vocabulary correctly while explaining an idea to others.
V.VISHALINI,13/11/2000,25,2026-09-17,Social Interaction,"V.Vishalini participated actively in a group game, following the agreed rules."
V.VISHALINI,13/11/2000,25,2026-09-17,Play,V.Vishalini organized materials thoughtfully before beginning an activity.
V.VISHALINI,13/11/2000,25,2026-09-17,Motor Skills,V.Vishalini strung beads or threaded objects with good hand-eye coordination.
V.VISHALINI,13/11/2000,25,2026-09-17,General Development,V.Vishalini displayed a positive and cooperative attitude throughout the day.
V.VISHALINI,13/11/2000,25,2026-09-18,Communication,V.Vishalini asked for help using a complete sentence when facing a challenge.
V.VISHALINI,13/11/2000,25,2026-09-18,Social Interaction,V.Vishalini showed empathy by comforting someone who was upset.
V.VISHALINI,13/11/2000,25,2026-09-18,Play,V.Vishalini adapted play when a peer suggested a new idea.
V.VISHALINI,13/11/2000,25,2026-09-18,Motor Skills,V.Vishalini participated in a stretching or warm-up routine with correct form.
V.VISHALINI,13/11/2000,25,2026-09-18,General Development,V.Vishalini demonstrated an improved attention span during a focused task.
V.VISHALINI,13/11/2000,25,2026-09-19,Communication,"V.Vishalini participated in a group discussion, waiting for their turn to speak."
V.VISHALINI,13/11/2000,25,2026-09-19,Social Interaction,V.Vishalini waited patiently for their turn during a shared activity.
V.VISHALINI,13/11/2000,25,2026-09-19,Play,V.Vishalini explored a new activity independently with curiosity.
V.VISHALINI,13/11/2000,25,2026-09-19,Motor Skills,V.Vishalini poured liquid from one container to another with control.
V.VISHALINI,13/11/2000,25,2026-09-19,General Development,V.Vishalini took initiative to start a task without being prompted.
V.VISHALINI,13/11/2000,25,2026-09-20,Communication,V.Vishalini used gestures and words together to communicate a request effectively.
V.VISHALINI,13/11/2000,25,2026-09-20,Social Interaction,V.Vishalini complimented a peer's work and engaged in friendly conversation.
V.VISHALINI,13/11/2000,25,2026-09-20,Play,V.Vishalini transitioned smoothly between two different play activities.
V.VISHALINI,13/11/2000,25,2026-09-20,Motor Skills,"V.Vishalini ran, jumped, or climbed confidently during outdoor play."
V.VISHALINI,13/11/2000,25,2026-09-20,General Development,V.Vishalini reflected positively on their day when asked how it went.
G.NAVASAKTHI,24/09/2009,16,2026-09-07,Communication,G.Navasakthi asked several questions and described what they were doing in complete sentences.
G.NAVASAKTHI,24/09/2009,16,2026-09-07,Social Interaction,G.Navasakthi greeted peers warmly and initiated a short conversation before the activity began.
G.NAVASAKTHI,24/09/2009,16,2026-09-07,Play,G.Navasakthi chose an activity independently and stayed engaged with it.
G.NAVASAKTHI,24/09/2009,16,2026-09-07,Motor Skills,G.Navasakthi held a pencil or crayon with an appropriate grip while drawing.
G.NAVASAKTHI,24/09/2009,16,2026-09-07,General Development,G.Navasakthi arrived ready for the day and settled into the routine smoothly.
G.NAVASAKTHI,24/09/2009,16,2026-09-08,Communication,G.Navasakthi expressed a need clearly and waited patiently for a response.
G.NAVASAKTHI,24/09/2009,16,2026-09-08,Social Interaction,G.Navasakthi took turns and shared materials with peers during a group activity.
G.NAVASAKTHI,24/09/2009,16,2026-09-08,Play,G.Navasakthi used props creatively during pretend play with a peer.
G.NAVASAKTHI,24/09/2009,16,2026-09-08,Motor Skills,"G.Navasakthi navigated the classroom space safely, avoiding obstacles."
G.NAVASAKTHI,24/09/2009,16,2026-09-08,General Development,G.Navasakthi showed increasing independence in managing personal belongings.
G.NAVASAKTHI,24/09/2009,16,2026-09-09,Communication,G.Navasakthi described a picture or object in detail using descriptive words.
G.NAVASAKTHI,24/09/2009,16,2026-09-09,Social Interaction,G.Navasakthi worked alongside a peer on a shared task without conflict.
G.NAVASAKTHI,24/09/2009,16,2026-09-09,Play,"G.Navasakthi engaged in imaginative play, creating a story around the activity."
G.NAVASAKTHI,24/09/2009,16,2026-09-09,Motor Skills,G.Navasakthi threw and caught a ball with improving accuracy.
G.NAVASAKTHI,24/09/2009,16,2026-09-09,General Development,G.Navasakthi adapted well to a small change in the daily schedule.
G.NAVASAKTHI,24/09/2009,16,2026-09-10,Communication,G.Navasakthi followed a two-step verbal instruction without needing it repeated.
G.NAVASAKTHI,24/09/2009,16,2026-09-10,Social Interaction,G.Navasakthi offered to help a classmate who was struggling with a task.
G.NAVASAKTHI,24/09/2009,16,2026-09-10,Play,G.Navasakthi took on a role during group play and stayed in character.
G.NAVASAKTHI,24/09/2009,16,2026-09-10,Motor Skills,G.Navasakthi showed good balance and coordination during physical activity.
G.NAVASAKTHI,24/09/2009,16,2026-09-10,General Development,G.Navasakthi followed classroom routines with minimal reminders.
G.NAVASAKTHI,24/09/2009,16,2026-09-11,Communication,G.Navasakthi initiated a conversation with a peer during free time.
G.NAVASAKTHI,24/09/2009,16,2026-09-11,Social Interaction,G.Navasakthi joined an ongoing group activity smoothly and appropriately.
G.NAVASAKTHI,24/09/2009,16,2026-09-11,Play,G.Navasakthi shared toys willingly during free play time.
G.NAVASAKTHI,24/09/2009,16,2026-09-11,Motor Skills,G.Navasakthi used scissors carefully to cut along a line.
G.NAVASAKTHI,24/09/2009,16,2026-09-11,General Development,G.Navasakthi showed overall steady progress and engagement in daily routines.
G.NAVASAKTHI,24/09/2009,16,2026-09-12,Communication,"G.Navasakthi shared a story from earlier in the day, using clear and expressive language."
G.NAVASAKTHI,24/09/2009,16,2026-09-12,Social Interaction,G.Navasakthi responded positively when a peer offered to share or help.
G.NAVASAKTHI,24/09/2009,16,2026-09-12,Play,G.Navasakthi tried a new game and quickly understood the rules.
G.NAVASAKTHI,24/09/2009,16,2026-09-12,Motor Skills,G.Navasakthi completed a hopping or jumping activity with steady rhythm.
G.NAVASAKTHI,24/09/2009,16,2026-09-12,General Development,G.Navasakthi demonstrated growing confidence when trying a new task.
G.NAVASAKTHI,24/09/2009,16,2026-09-13,Communication,G.Navasakthi answered questions about their day with relevant and organized responses.
G.NAVASAKTHI,24/09/2009,16,2026-09-13,Social Interaction,G.Navasakthi invited others to join an activity and cooperated well throughout.
G.NAVASAKTHI,24/09/2009,16,2026-09-13,Play,G.Navasakthi showed persistence while completing a challenging puzzle.
G.NAVASAKTHI,24/09/2009,16,2026-09-13,Motor Skills,G.Navasakthi stacked or arranged small objects with a steady hand.
G.NAVASAKTHI,24/09/2009,16,2026-09-13,General Development,G.Navasakthi stayed engaged and attentive throughout the session.
G.NAVASAKTHI,24/09/2009,16,2026-09-14,Communication,G.Navasakthi used appropriate greetings and farewells with staff and peers.
G.NAVASAKTHI,24/09/2009,16,2026-09-14,Social Interaction,G.Navasakthi maintained appropriate personal space and eye contact during interactions.
G.NAVASAKTHI,24/09/2009,16,2026-09-14,Play,G.Navasakthi stayed focused on a building/construction activity for an extended time.
G.NAVASAKTHI,24/09/2009,16,2026-09-14,Motor Skills,G.Navasakthi buttoned or zipped their own clothing without assistance.
G.NAVASAKTHI,24/09/2009,16,2026-09-14,General Development,G.Navasakthi managed transitions between activities calmly and independently.
G.NAVASAKTHI,24/09/2009,16,2026-09-15,Communication,G.Navasakthi expressed a preference between two choices when asked.
G.NAVASAKTHI,24/09/2009,16,2026-09-15,Social Interaction,G.Navasakthi resolved a small disagreement with a peer calmly and with guidance.
G.NAVASAKTHI,24/09/2009,16,2026-09-15,Play,"G.Navasakthi engaged in cooperative play, taking turns leading the activity."
G.NAVASAKTHI,24/09/2009,16,2026-09-15,Motor Skills,G.Navasakthi used fine motor skills carefully while handling small objects.
G.NAVASAKTHI,24/09/2009,16,2026-09-15,General Development,G.Navasakthi showed good self-regulation when faced with a minor frustration.
G.NAVASAKTHI,24/09/2009,16,2026-09-16,Communication,G.Navasakthi recounted the sequence of an activity in the correct order.
G.NAVASAKTHI,24/09/2009,16,2026-09-16,Social Interaction,G.Navasakthi celebrated a peer's success and offered words of encouragement.
G.NAVASAKTHI,24/09/2009,16,2026-09-16,Play,G.Navasakthi displayed enjoyment and enthusiasm during outdoor play.
G.NAVASAKTHI,24/09/2009,16,2026-09-16,Motor Skills,G.Navasakthi maintained balance while walking along a line or beam.
G.NAVASAKTHI,24/09/2009,16,2026-09-16,General Development,G.Navasakthi completed a daily task independently with minimal guidance.
G.NAVASAKTHI,24/09/2009,16,2026-09-17,Communication,G.Navasakthi used new vocabulary correctly while explaining an idea to others.
G.NAVASAKTHI,24/09/2009,16,2026-09-17,Social Interaction,"G.Navasakthi participated actively in a group game, following the agreed rules."
G.NAVASAKTHI,24/09/2009,16,2026-09-17,Play,G.Navasakthi organized materials thoughtfully before beginning an activity.
G.NAVASAKTHI,24/09/2009,16,2026-09-17,Motor Skills,G.Navasakthi strung beads or threaded objects with good hand-eye coordination.
G.NAVASAKTHI,24/09/2009,16,2026-09-17,General Development,G.Navasakthi displayed a positive and cooperative attitude throughout the day.
G.NAVASAKTHI,24/09/2009,16,2026-09-18,Communication,G.Navasakthi asked for help using a complete sentence when facing a challenge.
G.NAVASAKTHI,24/09/2009,16,2026-09-18,Social Interaction,G.Navasakthi showed empathy by comforting someone who was upset.
G.NAVASAKTHI,24/09/2009,16,2026-09-18,Play,G.Navasakthi adapted play when a peer suggested a new idea.
G.NAVASAKTHI,24/09/2009,16,2026-09-18,Motor Skills,G.Navasakthi participated in a stretching or warm-up routine with correct form.
G.NAVASAKTHI,24/09/2009,16,2026-09-18,General Development,G.Navasakthi demonstrated an improved attention span during a focused task.
G.NAVASAKTHI,24/09/2009,16,2026-09-19,Communication,"G.Navasakthi participated in a group discussion, waiting for their turn to speak."
G.NAVASAKTHI,24/09/2009,16,2026-09-19,Social Interaction,G.Navasakthi waited patiently for their turn during a shared activity.
G.NAVASAKTHI,24/09/2009,16,2026-09-19,Play,G.Navasakthi explored a new activity independently with curiosity.
G.NAVASAKTHI,24/09/2009,16,2026-09-19,Motor Skills,G.Navasakthi poured liquid from one container to another with control.
G.NAVASAKTHI,24/09/2009,16,2026-09-19,General Development,G.Navasakthi took initiative to start a task without being prompted.
G.NAVASAKTHI,24/09/2009,16,2026-09-20,Communication,G.Navasakthi used gestures and words together to communicate a request effectively.
G.NAVASAKTHI,24/09/2009,16,2026-09-20,Social Interaction,G.Navasakthi complimented a peer's work and engaged in friendly conversation.
G.NAVASAKTHI,24/09/2009,16,2026-09-20,Play,G.Navasakthi transitioned smoothly between two different play activities.
G.NAVASAKTHI,24/09/2009,16,2026-09-20,Motor Skills,"G.Navasakthi ran, jumped, or climbed confidently during outdoor play."
G.NAVASAKTHI,24/09/2009,16,2026-09-20,General Development,G.Navasakthi reflected positively on their day when asked how it went.
R.VESHNU KUMAR,05/07/2013,13,2026-09-07,Communication,R.Veshnu Kumar asked several questions and described what they were doing in complete sentences.
R.VESHNU KUMAR,05/07/2013,13,2026-09-07,Social Interaction,R.Veshnu Kumar greeted peers warmly and initiated a short conversation before the activity began.
R.VESHNU KUMAR,05/07/2013,13,2026-09-07,Play,R.Veshnu Kumar chose an activity independently and stayed engaged with it.
R.VESHNU KUMAR,05/07/2013,13,2026-09-07,Motor Skills,R.Veshnu Kumar held a pencil or crayon with an appropriate grip while drawing.
R.VESHNU KUMAR,05/07/2013,13,2026-09-07,General Development,R.Veshnu Kumar arrived ready for the day and settled into the routine smoothly.
R.VESHNU KUMAR,05/07/2013,13,2026-09-08,Communication,R.Veshnu Kumar expressed a need clearly and waited patiently for a response.
R.VESHNU KUMAR,05/07/2013,13,2026-09-08,Social Interaction,R.Veshnu Kumar took turns and shared materials with peers during a group activity.
R.VESHNU KUMAR,05/07/2013,13,2026-09-08,Play,R.Veshnu Kumar used props creatively during pretend play with a peer.
R.VESHNU KUMAR,05/07/2013,13,2026-09-08,Motor Skills,"R.Veshnu Kumar navigated the classroom space safely, avoiding obstacles."
R.VESHNU KUMAR,05/07/2013,13,2026-09-08,General Development,R.Veshnu Kumar showed increasing independence in managing personal belongings.
R.VESHNU KUMAR,05/07/2013,13,2026-09-09,Communication,R.Veshnu Kumar described a picture or object in detail using descriptive words.
R.VESHNU KUMAR,05/07/2013,13,2026-09-09,Social Interaction,R.Veshnu Kumar worked alongside a peer on a shared task without conflict.
R.VESHNU KUMAR,05/07/2013,13,2026-09-09,Play,"R.Veshnu Kumar engaged in imaginative play, creating a story around the activity."
R.VESHNU KUMAR,05/07/2013,13,2026-09-09,Motor Skills,R.Veshnu Kumar threw and caught a ball with improving accuracy.
R.VESHNU KUMAR,05/07/2013,13,2026-09-09,General Development,R.Veshnu Kumar adapted well to a small change in the daily schedule.
R.VESHNU KUMAR,05/07/2013,13,2026-09-10,Communication,R.Veshnu Kumar followed a two-step verbal instruction without needing it repeated.
R.VESHNU KUMAR,05/07/2013,13,2026-09-10,Social Interaction,R.Veshnu Kumar offered to help a classmate who was struggling with a task.
R.VESHNU KUMAR,05/07/2013,13,2026-09-10,Play,R.Veshnu Kumar took on a role during group play and stayed in character.
R.VESHNU KUMAR,05/07/2013,13,2026-09-10,Motor Skills,R.Veshnu Kumar showed good balance and coordination during physical activity.
R.VESHNU KUMAR,05/07/2013,13,2026-09-10,General Development,R.Veshnu Kumar followed classroom routines with minimal reminders.
R.VESHNU KUMAR,05/07/2013,13,2026-09-11,Communication,R.Veshnu Kumar initiated a conversation with a peer during free time.
R.VESHNU KUMAR,05/07/2013,13,2026-09-11,Social Interaction,R.Veshnu Kumar joined an ongoing group activity smoothly and appropriately.
R.VESHNU KUMAR,05/07/2013,13,2026-09-11,Play,R.Veshnu Kumar shared toys willingly during free play time.
R.VESHNU KUMAR,05/07/2013,13,2026-09-11,Motor Skills,R.Veshnu Kumar used scissors carefully to cut along a line.
R.VESHNU KUMAR,05/07/2013,13,2026-09-11,General Development,R.Veshnu Kumar showed overall steady progress and engagement in daily routines.
R.VESHNU KUMAR,05/07/2013,13,2026-09-12,Communication,"R.Veshnu Kumar shared a story from earlier in the day, using clear and expressive language."
R.VESHNU KUMAR,05/07/2013,13,2026-09-12,Social Interaction,R.Veshnu Kumar responded positively when a peer offered to share or help.
R.VESHNU KUMAR,05/07/2013,13,2026-09-12,Play,R.Veshnu Kumar tried a new game and quickly understood the rules.
R.VESHNU KUMAR,05/07/2013,13,2026-09-12,Motor Skills,R.Veshnu Kumar completed a hopping or jumping activity with steady rhythm.
R.VESHNU KUMAR,05/07/2013,13,2026-09-12,General Development,R.Veshnu Kumar demonstrated growing confidence when trying a new task.
R.VESHNU KUMAR,05/07/2013,13,2026-09-13,Communication,R.Veshnu Kumar answered questions about their day with relevant and organized responses.
R.VESHNU KUMAR,05/07/2013,13,2026-09-13,Social Interaction,R.Veshnu Kumar invited others to join an activity and cooperated well throughout.
R.VESHNU KUMAR,05/07/2013,13,2026-09-13,Play,R.Veshnu Kumar showed persistence while completing a challenging puzzle.
R.VESHNU KUMAR,05/07/2013,13,2026-09-13,Motor Skills,R.Veshnu Kumar stacked or arranged small objects with a steady hand.
R.VESHNU KUMAR,05/07/2013,13,2026-09-13,General Development,R.Veshnu Kumar stayed engaged and attentive throughout the session.
R.VESHNU KUMAR,05/07/2013,13,2026-09-14,Communication,R.Veshnu Kumar used appropriate greetings and farewells with staff and peers.
R.VESHNU KUMAR,05/07/2013,13,2026-09-14,Social Interaction,R.Veshnu Kumar maintained appropriate personal space and eye contact during interactions.
R.VESHNU KUMAR,05/07/2013,13,2026-09-14,Play,R.Veshnu Kumar stayed focused on a building/construction activity for an extended time.
R.VESHNU KUMAR,05/07/2013,13,2026-09-14,Motor Skills,R.Veshnu Kumar buttoned or zipped their own clothing without assistance.
R.VESHNU KUMAR,05/07/2013,13,2026-09-14,General Development,R.Veshnu Kumar managed transitions between activities calmly and independently.
R.VESHNU KUMAR,05/07/2013,13,2026-09-15,Communication,R.Veshnu Kumar expressed a preference between two choices when asked.
R.VESHNU KUMAR,05/07/2013,13,2026-09-15,Social Interaction,R.Veshnu Kumar resolved a small disagreement with a peer calmly and with guidance.
R.VESHNU KUMAR,05/07/2013,13,2026-09-15,Play,"R.Veshnu Kumar engaged in cooperative play, taking turns leading the activity."
R.VESHNU KUMAR,05/07/2013,13,2026-09-15,Motor Skills,R.Veshnu Kumar used fine motor skills carefully while handling small objects.
R.VESHNU KUMAR,05/07/2013,13,2026-09-15,General Development,R.Veshnu Kumar showed good self-regulation when faced with a minor frustration.
R.VESHNU KUMAR,05/07/2013,13,2026-09-16,Communication,R.Veshnu Kumar recounted the sequence of an activity in the correct order.
R.VESHNU KUMAR,05/07/2013,13,2026-09-16,Social Interaction,R.Veshnu Kumar celebrated a peer's success and offered words of encouragement.
R.VESHNU KUMAR,05/07/2013,13,2026-09-16,Play,R.Veshnu Kumar displayed enjoyment and enthusiasm during outdoor play.
R.VESHNU KUMAR,05/07/2013,13,2026-09-16,Motor Skills,R.Veshnu Kumar maintained balance while walking along a line or beam.
R.VESHNU KUMAR,05/07/2013,13,2026-09-16,General Development,R.Veshnu Kumar completed a daily task independently with minimal guidance.
R.VESHNU KUMAR,05/07/2013,13,2026-09-17,Communication,R.Veshnu Kumar used new vocabulary correctly while explaining an idea to others.
R.VESHNU KUMAR,05/07/2013,13,2026-09-17,Social Interaction,"R.Veshnu Kumar participated actively in a group game, following the agreed rules."
R.VESHNU KUMAR,05/07/2013,13,2026-09-17,Play,R.Veshnu Kumar organized materials thoughtfully before beginning an activity.
R.VESHNU KUMAR,05/07/2013,13,2026-09-17,Motor Skills,R.Veshnu Kumar strung beads or threaded objects with good hand-eye coordination.
R.VESHNU KUMAR,05/07/2013,13,2026-09-17,General Development,R.Veshnu Kumar displayed a positive and cooperative attitude throughout the day.
R.VESHNU KUMAR,05/07/2013,13,2026-09-18,Communication,R.Veshnu Kumar asked for help using a complete sentence when facing a challenge.
R.VESHNU KUMAR,05/07/2013,13,2026-09-18,Social Interaction,R.Veshnu Kumar showed empathy by comforting someone who was upset.
R.VESHNU KUMAR,05/07/2013,13,2026-09-18,Play,R.Veshnu Kumar adapted play when a peer suggested a new idea.
R.VESHNU KUMAR,05/07/2013,13,2026-09-18,Motor Skills,R.Veshnu Kumar participated in a stretching or warm-up routine with correct form.
R.VESHNU KUMAR,05/07/2013,13,2026-09-18,General Development,R.Veshnu Kumar demonstrated an improved attention span during a focused task.
R.VESHNU KUMAR,05/07/2013,13,2026-09-19,Communication,"R.Veshnu Kumar participated in a group discussion, waiting for their turn to speak."
R.VESHNU KUMAR,05/07/2013,13,2026-09-19,Social Interaction,R.Veshnu Kumar waited patiently for their turn during a shared activity.
R.VESHNU KUMAR,05/07/2013,13,2026-09-19,Play,R.Veshnu Kumar explored a new activity independently with curiosity.
R.VESHNU KUMAR,05/07/2013,13,2026-09-19,Motor Skills,R.Veshnu Kumar poured liquid from one container to another with control.
R.VESHNU KUMAR,05/07/2013,13,2026-09-19,General Development,R.Veshnu Kumar took initiative to start a task without being prompted.
R.VESHNU KUMAR,05/07/2013,13,2026-09-20,Communication,R.Veshnu Kumar used gestures and words together to communicate a request effectively.
R.VESHNU KUMAR,05/07/2013,13,2026-09-20,Social Interaction,R.Veshnu Kumar complimented a peer's work and engaged in friendly conversation.
R.VESHNU KUMAR,05/07/2013,13,2026-09-20,Play,R.Veshnu Kumar transitioned smoothly between two different play activities.
R.VESHNU KUMAR,05/07/2013,13,2026-09-20,Motor Skills,"R.Veshnu Kumar ran, jumped, or climbed confidently during outdoor play."
R.VESHNU KUMAR,05/07/2013,13,2026-09-20,General Development,R.Veshnu Kumar reflected positively on their day when asked how it went.
V.ARAVIND,12/09/2008,18,2026-09-07,Communication,V.Aravind asked several questions and described what they were doing in complete sentences.
V.ARAVIND,12/09/2008,18,2026-09-07,Social Interaction,V.Aravind greeted peers warmly and initiated a short conversation before the activity began.
V.ARAVIND,12/09/2008,18,2026-09-07,Play,V.Aravind chose an activity independently and stayed engaged with it.
V.ARAVIND,12/09/2008,18,2026-09-07,Motor Skills,V.Aravind held a pencil or crayon with an appropriate grip while drawing.
V.ARAVIND,12/09/2008,18,2026-09-07,General Development,V.Aravind arrived ready for the day and settled into the routine smoothly.
V.ARAVIND,12/09/2008,18,2026-09-08,Communication,V.Aravind expressed a need clearly and waited patiently for a response.
V.ARAVIND,12/09/2008,18,2026-09-08,Social Interaction,V.Aravind took turns and shared materials with peers during a group activity.
V.ARAVIND,12/09/2008,18,2026-09-08,Play,V.Aravind used props creatively during pretend play with a peer.
V.ARAVIND,12/09/2008,18,2026-09-08,Motor Skills,"V.Aravind navigated the classroom space safely, avoiding obstacles."
V.ARAVIND,12/09/2008,18,2026-09-08,General Development,V.Aravind showed increasing independence in managing personal belongings.
V.ARAVIND,12/09/2008,18,2026-09-09,Communication,V.Aravind described a picture or object in detail using descriptive words.
V.ARAVIND,12/09/2008,18,2026-09-09,Social Interaction,V.Aravind worked alongside a peer on a shared task without conflict.
V.ARAVIND,12/09/2008,18,2026-09-09,Play,"V.Aravind engaged in imaginative play, creating a story around the activity."
V.ARAVIND,12/09/2008,18,2026-09-09,Motor Skills,V.Aravind threw and caught a ball with improving accuracy.
V.ARAVIND,12/09/2008,18,2026-09-09,General Development,V.Aravind adapted well to a small change in the daily schedule.
V.ARAVIND,12/09/2008,18,2026-09-10,Communication,V.Aravind followed a two-step verbal instruction without needing it repeated.
V.ARAVIND,12/09/2008,18,2026-09-10,Social Interaction,V.Aravind offered to help a classmate who was struggling with a task.
V.ARAVIND,12/09/2008,18,2026-09-10,Play,V.Aravind took on a role during group play and stayed in character.
V.ARAVIND,12/09/2008,18,2026-09-10,Motor Skills,V.Aravind showed good balance and coordination during physical activity.
V.ARAVIND,12/09/2008,18,2026-09-10,General Development,V.Aravind followed classroom routines with minimal reminders.
V.ARAVIND,12/09/2008,18,2026-09-11,Communication,V.Aravind initiated a conversation with a peer during free time.
V.ARAVIND,12/09/2008,18,2026-09-11,Social Interaction,V.Aravind joined an ongoing group activity smoothly and appropriately.
V.ARAVIND,12/09/2008,18,2026-09-11,Play,V.Aravind shared toys willingly during free play time.
V.ARAVIND,12/09/2008,18,2026-09-11,Motor Skills,V.Aravind used scissors carefully to cut along a line.
V.ARAVIND,12/09/2008,18,2026-09-11,General Development,V.Aravind showed overall steady progress and engagement in daily routines.
V.ARAVIND,12/09/2008,18,2026-09-12,Communication,"V.Aravind shared a story from earlier in the day, using clear and expressive language."
V.ARAVIND,12/09/2008,18,2026-09-12,Social Interaction,V.Aravind responded positively when a peer offered to share or help.
V.ARAVIND,12/09/2008,18,2026-09-12,Play,V.Aravind tried a new game and quickly understood the rules.
V.ARAVIND,12/09/2008,18,2026-09-12,Motor Skills,V.Aravind completed a hopping or jumping activity with steady rhythm.
V.ARAVIND,12/09/2008,18,2026-09-12,General Development,V.Aravind demonstrated growing confidence when trying a new task.
V.ARAVIND,12/09/2008,18,2026-09-13,Communication,V.Aravind answered questions about their day with relevant and organized responses.
V.ARAVIND,12/09/2008,18,2026-09-13,Social Interaction,V.Aravind invited others to join an activity and cooperated well throughout.
V.ARAVIND,12/09/2008,18,2026-09-13,Play,V.Aravind showed persistence while completing a challenging puzzle.
V.ARAVIND,12/09/2008,18,2026-09-13,Motor Skills,V.Aravind stacked or arranged small objects with a steady hand.
V.ARAVIND,12/09/2008,18,2026-09-13,General Development,V.Aravind stayed engaged and attentive throughout the session.
V.ARAVIND,12/09/2008,18,2026-09-14,Communication,V.Aravind used appropriate greetings and farewells with staff and peers.
V.ARAVIND,12/09/2008,18,2026-09-14,Social Interaction,V.Aravind maintained appropriate personal space and eye contact during interactions.
V.ARAVIND,12/09/2008,18,2026-09-14,Play,V.Aravind stayed focused on a building/construction activity for an extended time.
V.ARAVIND,12/09/2008,18,2026-09-14,Motor Skills,V.Aravind buttoned or zipped their own clothing without assistance.
V.ARAVIND,12/09/2008,18,2026-09-14,General Development,V.Aravind managed transitions between activities calmly and independently.
V.ARAVIND,12/09/2008,18,2026-09-15,Communication,V.Aravind expressed a preference between two choices when asked.
V.ARAVIND,12/09/2008,18,2026-09-15,Social Interaction,V.Aravind resolved a small disagreement with a peer calmly and with guidance.
V.ARAVIND,12/09/2008,18,2026-09-15,Play,"V.Aravind engaged in cooperative play, taking turns leading the activity."
V.ARAVIND,12/09/2008,18,2026-09-15,Motor Skills,V.Aravind used fine motor skills carefully while handling small objects.
V.ARAVIND,12/09/2008,18,2026-09-15,General Development,V.Aravind showed good self-regulation when faced with a minor frustration.
V.ARAVIND,12/09/2008,18,2026-09-16,Communication,V.Aravind recounted the sequence of an activity in the correct order.
V.ARAVIND,12/09/2008,18,2026-09-16,Social Interaction,V.Aravind celebrated a peer's success and offered words of encouragement.
V.ARAVIND,12/09/2008,18,2026-09-16,Play,V.Aravind displayed enjoyment and enthusiasm during outdoor play.
V.ARAVIND,12/09/2008,18,2026-09-16,Motor Skills,V.Aravind maintained balance while walking along a line or beam.
V.ARAVIND,12/09/2008,18,2026-09-16,General Development,V.Aravind completed a daily task independently with minimal guidance.
V.ARAVIND,12/09/2008,18,2026-09-17,Communication,V.Aravind used new vocabulary correctly while explaining an idea to others.
V.ARAVIND,12/09/2008,18,2026-09-17,Social Interaction,"V.Aravind participated actively in a group game, following the agreed rules."
V.ARAVIND,12/09/2008,18,2026-09-17,Play,V.Aravind organized materials thoughtfully before beginning an activity.
V.ARAVIND,12/09/2008,18,2026-09-17,Motor Skills,V.Aravind strung beads or threaded objects with good hand-eye coordination.
V.ARAVIND,12/09/2008,18,2026-09-17,General Development,V.Aravind displayed a positive and cooperative attitude throughout the day.
V.ARAVIND,12/09/2008,18,2026-09-18,Communication,V.Aravind asked for help using a complete sentence when facing a challenge.
V.ARAVIND,12/09/2008,18,2026-09-18,Social Interaction,V.Aravind showed empathy by comforting someone who was upset.
V.ARAVIND,12/09/2008,18,2026-09-18,Play,V.Aravind adapted play when a peer suggested a new idea.
V.ARAVIND,12/09/2008,18,2026-09-18,Motor Skills,V.Aravind participated in a stretching or warm-up routine with correct form.
V.ARAVIND,12/09/2008,18,2026-09-18,General Development,V.Aravind demonstrated an improved attention span during a focused task.
V.ARAVIND,12/09/2008,18,2026-09-19,Communication,"V.Aravind participated in a group discussion, waiting for their turn to speak."
V.ARAVIND,12/09/2008,18,2026-09-19,Social Interaction,V.Aravind waited patiently for their turn during a shared activity.
V.ARAVIND,12/09/2008,18,2026-09-19,Play,V.Aravind explored a new activity independently with curiosity.
V.ARAVIND,12/09/2008,18,2026-09-19,Motor Skills,V.Aravind poured liquid from one container to another with control.
V.ARAVIND,12/09/2008,18,2026-09-19,General Development,V.Aravind took initiative to start a task without being prompted.
V.ARAVIND,12/09/2008,18,2026-09-20,Communication,V.Aravind used gestures and words together to communicate a request effectively.
V.ARAVIND,12/09/2008,18,2026-09-20,Social Interaction,V.Aravind complimented a peer's work and engaged in friendly conversation.
V.ARAVIND,12/09/2008,18,2026-09-20,Play,V.Aravind transitioned smoothly between two different play activities.
V.ARAVIND,12/09/2008,18,2026-09-20,Motor Skills,"V.Aravind ran, jumped, or climbed confidently during outdoor play."
V.ARAVIND,12/09/2008,18,2026-09-20,General Development,V.Aravind reflected positively on their day when asked how it went.
A.DEVESWARAN,07/05/2013,13,2026-09-07,Communication,A.Deveswaran asked several questions and described what they were doing in complete sentences.
A.DEVESWARAN,07/05/2013,13,2026-09-07,Social Interaction,A.Deveswaran greeted peers warmly and initiated a short conversation before the activity began.
A.DEVESWARAN,07/05/2013,13,2026-09-07,Play,A.Deveswaran chose an activity independently and stayed engaged with it.
A.DEVESWARAN,07/05/2013,13,2026-09-07,Motor Skills,A.Deveswaran held a pencil or crayon with an appropriate grip while drawing.
A.DEVESWARAN,07/05/2013,13,2026-09-07,General Development,A.Deveswaran arrived ready for the day and settled into the routine smoothly.
A.DEVESWARAN,07/05/2013,13,2026-09-08,Communication,A.Deveswaran expressed a need clearly and waited patiently for a response.
A.DEVESWARAN,07/05/2013,13,2026-09-08,Social Interaction,A.Deveswaran took turns and shared materials with peers during a group activity.
A.DEVESWARAN,07/05/2013,13,2026-09-08,Play,A.Deveswaran used props creatively during pretend play with a peer.
A.DEVESWARAN,07/05/2013,13,2026-09-08,Motor Skills,"A.Deveswaran navigated the classroom space safely, avoiding obstacles."
A.DEVESWARAN,07/05/2013,13,2026-09-08,General Development,A.Deveswaran showed increasing independence in managing personal belongings.
A.DEVESWARAN,07/05/2013,13,2026-09-09,Communication,A.Deveswaran described a picture or object in detail using descriptive words.
A.DEVESWARAN,07/05/2013,13,2026-09-09,Social Interaction,A.Deveswaran worked alongside a peer on a shared task without conflict.
A.DEVESWARAN,07/05/2013,13,2026-09-09,Play,"A.Deveswaran engaged in imaginative play, creating a story around the activity."
A.DEVESWARAN,07/05/2013,13,2026-09-09,Motor Skills,A.Deveswaran threw and caught a ball with improving accuracy.
A.DEVESWARAN,07/05/2013,13,2026-09-09,General Development,A.Deveswaran adapted well to a small change in the daily schedule.
A.DEVESWARAN,07/05/2013,13,2026-09-10,Communication,A.Deveswaran followed a two-step verbal instruction without needing it repeated.
A.DEVESWARAN,07/05/2013,13,2026-09-10,Social Interaction,A.Deveswaran offered to help a classmate who was struggling with a task.
A.DEVESWARAN,07/05/2013,13,2026-09-10,Play,A.Deveswaran took on a role during group play and stayed in character.
A.DEVESWARAN,07/05/2013,13,2026-09-10,Motor Skills,A.Deveswaran showed good balance and coordination during physical activity.
A.DEVESWARAN,07/05/2013,13,2026-09-10,General Development,A.Deveswaran followed classroom routines with minimal reminders.
A.DEVESWARAN,07/05/2013,13,2026-09-11,Communication,A.Deveswaran initiated a conversation with a peer during free time.
A.DEVESWARAN,07/05/2013,13,2026-09-11,Social Interaction,A.Deveswaran joined an ongoing group activity smoothly and appropriately.
A.DEVESWARAN,07/05/2013,13,2026-09-11,Play,A.Deveswaran shared toys willingly during free play time.
A.DEVESWARAN,07/05/2013,13,2026-09-11,Motor Skills,A.Deveswaran used scissors carefully to cut along a line.
A.DEVESWARAN,07/05/2013,13,2026-09-11,General Development,A.Deveswaran showed overall steady progress and engagement in daily routines.
A.DEVESWARAN,07/05/2013,13,2026-09-12,Communication,"A.Deveswaran shared a story from earlier in the day, using clear and expressive language."
A.DEVESWARAN,07/05/2013,13,2026-09-12,Social Interaction,A.Deveswaran responded positively when a peer offered to share or help.
A.DEVESWARAN,07/05/2013,13,2026-09-12,Play,A.Deveswaran tried a new game and quickly understood the rules.
A.DEVESWARAN,07/05/2013,13,2026-09-12,Motor Skills,A.Deveswaran completed a hopping or jumping activity with steady rhythm.
A.DEVESWARAN,07/05/2013,13,2026-09-12,General Development,A.Deveswaran demonstrated growing confidence when trying a new task.
A.DEVESWARAN,07/05/2013,13,2026-09-13,Communication,A.Deveswaran answered questions about their day with relevant and organized responses.
A.DEVESWARAN,07/05/2013,13,2026-09-13,Social Interaction,A.Deveswaran invited others to join an activity and cooperated well throughout.
A.DEVESWARAN,07/05/2013,13,2026-09-13,Play,A.Deveswaran showed persistence while completing a challenging puzzle.
A.DEVESWARAN,07/05/2013,13,2026-09-13,Motor Skills,A.Deveswaran stacked or arranged small objects with a steady hand.
A.DEVESWARAN,07/05/2013,13,2026-09-13,General Development,A.Deveswaran stayed engaged and attentive throughout the session.
A.DEVESWARAN,07/05/2013,13,2026-09-14,Communication,A.Deveswaran used appropriate greetings and farewells with staff and peers.
A.DEVESWARAN,07/05/2013,13,2026-09-14,Social Interaction,A.Deveswaran maintained appropriate personal space and eye contact during interactions.
A.DEVESWARAN,07/05/2013,13,2026-09-14,Play,A.Deveswaran stayed focused on a building/construction activity for an extended time.
A.DEVESWARAN,07/05/2013,13,2026-09-14,Motor Skills,A.Deveswaran buttoned or zipped their own clothing without assistance.
A.DEVESWARAN,07/05/2013,13,2026-09-14,General Development,A.Deveswaran managed transitions between activities calmly and independently.
A.DEVESWARAN,07/05/2013,13,2026-09-15,Communication,A.Deveswaran expressed a preference between two choices when asked.
A.DEVESWARAN,07/05/2013,13,2026-09-15,Social Interaction,A.Deveswaran resolved a small disagreement with a peer calmly and with guidance.
A.DEVESWARAN,07/05/2013,13,2026-09-15,Play,"A.Deveswaran engaged in cooperative play, taking turns leading the activity."
A.DEVESWARAN,07/05/2013,13,2026-09-15,Motor Skills,A.Deveswaran used fine motor skills carefully while handling small objects.
A.DEVESWARAN,07/05/2013,13,2026-09-15,General Development,A.Deveswaran showed good self-regulation when faced with a minor frustration.
A.DEVESWARAN,07/05/2013,13,2026-09-16,Communication,A.Deveswaran recounted the sequence of an activity in the correct order.
A.DEVESWARAN,07/05/2013,13,2026-09-16,Social Interaction,A.Deveswaran celebrated a peer's success and offered words of encouragement.
A.DEVESWARAN,07/05/2013,13,2026-09-16,Play,A.Deveswaran displayed enjoyment and enthusiasm during outdoor play.
A.DEVESWARAN,07/05/2013,13,2026-09-16,Motor Skills,A.Deveswaran maintained balance while walking along a line or beam.
A.DEVESWARAN,07/05/2013,13,2026-09-16,General Development,A.Deveswaran completed a daily task independently with minimal guidance.
A.DEVESWARAN,07/05/2013,13,2026-09-17,Communication,A.Deveswaran used new vocabulary correctly while explaining an idea to others.
A.DEVESWARAN,07/05/2013,13,2026-09-17,Social Interaction,"A.Deveswaran participated actively in a group game, following the agreed rules."
A.DEVESWARAN,07/05/2013,13,2026-09-17,Play,A.Deveswaran organized materials thoughtfully before beginning an activity.
A.DEVESWARAN,07/05/2013,13,2026-09-17,Motor Skills,A.Deveswaran strung beads or threaded objects with good hand-eye coordination.
A.DEVESWARAN,07/05/2013,13,2026-09-17,General Development,A.Deveswaran displayed a positive and cooperative attitude throughout the day.
A.DEVESWARAN,07/05/2013,13,2026-09-18,Communication,A.Deveswaran asked for help using a complete sentence when facing a challenge.
A.DEVESWARAN,07/05/2013,13,2026-09-18,Social Interaction,A.Deveswaran showed empathy by comforting someone who was upset.
A.DEVESWARAN,07/05/2013,13,2026-09-18,Play,A.Deveswaran adapted play when a peer suggested a new idea.
A.DEVESWARAN,07/05/2013,13,2026-09-18,Motor Skills,A.Deveswaran participated in a stretching or warm-up routine with correct form.
A.DEVESWARAN,07/05/2013,13,2026-09-18,General Development,A.Deveswaran demonstrated an improved attention span during a focused task.
A.DEVESWARAN,07/05/2013,13,2026-09-19,Communication,"A.Deveswaran participated in a group discussion, waiting for their turn to speak."
A.DEVESWARAN,07/05/2013,13,2026-09-19,Social Interaction,A.Deveswaran waited patiently for their turn during a shared activity.
A.DEVESWARAN,07/05/2013,13,2026-09-19,Play,A.Deveswaran explored a new activity independently with curiosity.
A.DEVESWARAN,07/05/2013,13,2026-09-19,Motor Skills,A.Deveswaran poured liquid from one container to another with control.
A.DEVESWARAN,07/05/2013,13,2026-09-19,General Development,A.Deveswaran took initiative to start a task without being prompted.
A.DEVESWARAN,07/05/2013,13,2026-09-20,Communication,A.Deveswaran used gestures and words together to communicate a request effectively.
A.DEVESWARAN,07/05/2013,13,2026-09-20,Social Interaction,A.Deveswaran complimented a peer's work and engaged in friendly conversation.
A.DEVESWARAN,07/05/2013,13,2026-09-20,Play,A.Deveswaran transitioned smoothly between two different play activities.
A.DEVESWARAN,07/05/2013,13,2026-09-20,Motor Skills,"A.Deveswaran ran, jumped, or climbed confidently during outdoor play."
A.DEVESWARAN,07/05/2013,13,2026-09-20,General Development,A.Deveswaran reflected positively on their day when asked how it went.
S.TARINI,07/10/2008,17,2026-09-07,Communication,S.Tarini asked several questions and described what they were doing in complete sentences.
S.TARINI,07/10/2008,17,2026-09-07,Social Interaction,S.Tarini greeted peers warmly and initiated a short conversation before the activity began.
S.TARINI,07/10/2008,17,2026-09-07,Play,S.Tarini chose an activity independently and stayed engaged with it.
S.TARINI,07/10/2008,17,2026-09-07,Motor Skills,S.Tarini held a pencil or crayon with an appropriate grip while drawing.
S.TARINI,07/10/2008,17,2026-09-07,General Development,S.Tarini arrived ready for the day and settled into the routine smoothly.
S.TARINI,07/10/2008,17,2026-09-08,Communication,S.Tarini expressed a need clearly and waited patiently for a response.
S.TARINI,07/10/2008,17,2026-09-08,Social Interaction,S.Tarini took turns and shared materials with peers during a group activity.
S.TARINI,07/10/2008,17,2026-09-08,Play,S.Tarini used props creatively during pretend play with a peer.
S.TARINI,07/10/2008,17,2026-09-08,Motor Skills,"S.Tarini navigated the classroom space safely, avoiding obstacles."
S.TARINI,07/10/2008,17,2026-09-08,General Development,S.Tarini showed increasing independence in managing personal belongings.
S.TARINI,07/10/2008,17,2026-09-09,Communication,S.Tarini described a picture or object in detail using descriptive words.
S.TARINI,07/10/2008,17,2026-09-09,Social Interaction,S.Tarini worked alongside a peer on a shared task without conflict.
S.TARINI,07/10/2008,17,2026-09-09,Play,"S.Tarini engaged in imaginative play, creating a story around the activity."
S.TARINI,07/10/2008,17,2026-09-09,Motor Skills,S.Tarini threw and caught a ball with improving accuracy.
S.TARINI,07/10/2008,17,2026-09-09,General Development,S.Tarini adapted well to a small change in the daily schedule.
S.TARINI,07/10/2008,17,2026-09-10,Communication,S.Tarini followed a two-step verbal instruction without needing it repeated.
S.TARINI,07/10/2008,17,2026-09-10,Social Interaction,S.Tarini offered to help a classmate who was struggling with a task.
S.TARINI,07/10/2008,17,2026-09-10,Play,S.Tarini took on a role during group play and stayed in character.
S.TARINI,07/10/2008,17,2026-09-10,Motor Skills,S.Tarini showed good balance and coordination during physical activity.
S.TARINI,07/10/2008,17,2026-09-10,General Development,S.Tarini followed classroom routines with minimal reminders.
S.TARINI,07/10/2008,17,2026-09-11,Communication,S.Tarini initiated a conversation with a peer during free time.
S.TARINI,07/10/2008,17,2026-09-11,Social Interaction,S.Tarini joined an ongoing group activity smoothly and appropriately.
S.TARINI,07/10/2008,17,2026-09-11,Play,S.Tarini shared toys willingly during free play time.
S.TARINI,07/10/2008,17,2026-09-11,Motor Skills,S.Tarini used scissors carefully to cut along a line.
S.TARINI,07/10/2008,17,2026-09-11,General Development,S.Tarini showed overall steady progress and engagement in daily routines.
S.TARINI,07/10/2008,17,2026-09-12,Communication,"S.Tarini shared a story from earlier in the day, using clear and expressive language."
S.TARINI,07/10/2008,17,2026-09-12,Social Interaction,S.Tarini responded positively when a peer offered to share or help.
S.TARINI,07/10/2008,17,2026-09-12,Play,S.Tarini tried a new game and quickly understood the rules.
S.TARINI,07/10/2008,17,2026-09-12,Motor Skills,S.Tarini completed a hopping or jumping activity with steady rhythm.
S.TARINI,07/10/2008,17,2026-09-12,General Development,S.Tarini demonstrated growing confidence when trying a new task.
S.TARINI,07/10/2008,17,2026-09-13,Communication,S.Tarini answered questions about their day with relevant and organized responses.
S.TARINI,07/10/2008,17,2026-09-13,Social Interaction,S.Tarini invited others to join an activity and cooperated well throughout.
S.TARINI,07/10/2008,17,2026-09-13,Play,S.Tarini showed persistence while completing a challenging puzzle.
S.TARINI,07/10/2008,17,2026-09-13,Motor Skills,S.Tarini stacked or arranged small objects with a steady hand.
S.TARINI,07/10/2008,17,2026-09-13,General Development,S.Tarini stayed engaged and attentive throughout the session.
S.TARINI,07/10/2008,17,2026-09-14,Communication,S.Tarini used appropriate greetings and farewells with staff and peers.
S.TARINI,07/10/2008,17,2026-09-14,Social Interaction,S.Tarini maintained appropriate personal space and eye contact during interactions.
S.TARINI,07/10/2008,17,2026-09-14,Play,S.Tarini stayed focused on a building/construction activity for an extended time.
S.TARINI,07/10/2008,17,2026-09-14,Motor Skills,S.Tarini buttoned or zipped their own clothing without assistance.
S.TARINI,07/10/2008,17,2026-09-14,General Development,S.Tarini managed transitions between activities calmly and independently.
S.TARINI,07/10/2008,17,2026-09-15,Communication,S.Tarini expressed a preference between two choices when asked.
S.TARINI,07/10/2008,17,2026-09-15,Social Interaction,S.Tarini resolved a small disagreement with a peer calmly and with guidance.
S.TARINI,07/10/2008,17,2026-09-15,Play,"S.Tarini engaged in cooperative play, taking turns leading the activity."
S.TARINI,07/10/2008,17,2026-09-15,Motor Skills,S.Tarini used fine motor skills carefully while handling small objects.
S.TARINI,07/10/2008,17,2026-09-15,General Development,S.Tarini showed good self-regulation when faced with a minor frustration.
S.TARINI,07/10/2008,17,2026-09-16,Communication,S.Tarini recounted the sequence of an activity in the correct order.
S.TARINI,07/10/2008,17,2026-09-16,Social Interaction,S.Tarini celebrated a peer's success and offered words of encouragement.
S.TARINI,07/10/2008,17,2026-09-16,Play,S.Tarini displayed enjoyment and enthusiasm during outdoor play.
S.TARINI,07/10/2008,17,2026-09-16,Motor Skills,S.Tarini maintained balance while walking along a line or beam.
S.TARINI,07/10/2008,17,2026-09-16,General Development,S.Tarini completed a daily task independently with minimal guidance.
S.TARINI,07/10/2008,17,2026-09-17,Communication,S.Tarini used new vocabulary correctly while explaining an idea to others.
S.TARINI,07/10/2008,17,2026-09-17,Social Interaction,"S.Tarini participated actively in a group game, following the agreed rules."
S.TARINI,07/10/2008,17,2026-09-17,Play,S.Tarini organized materials thoughtfully before beginning an activity.
S.TARINI,07/10/2008,17,2026-09-17,Motor Skills,S.Tarini strung beads or threaded objects with good hand-eye coordination.
S.TARINI,07/10/2008,17,2026-09-17,General Development,S.Tarini displayed a positive and cooperative attitude throughout the day.
S.TARINI,07/10/2008,17,2026-09-18,Communication,S.Tarini asked for help using a complete sentence when facing a challenge.
S.TARINI,07/10/2008,17,2026-09-18,Social Interaction,S.Tarini showed empathy by comforting someone who was upset.
S.TARINI,07/10/2008,17,2026-09-18,Play,S.Tarini adapted play when a peer suggested a new idea.
S.TARINI,07/10/2008,17,2026-09-18,Motor Skills,S.Tarini participated in a stretching or warm-up routine with correct form.
S.TARINI,07/10/2008,17,2026-09-18,General Development,S.Tarini demonstrated an improved attention span during a focused task.
S.TARINI,07/10/2008,17,2026-09-19,Communication,"S.Tarini participated in a group discussion, waiting for their turn to speak."
S.TARINI,07/10/2008,17,2026-09-19,Social Interaction,S.Tarini waited patiently for their turn during a shared activity.
S.TARINI,07/10/2008,17,2026-09-19,Play,S.Tarini explored a new activity independently with curiosity.
S.TARINI,07/10/2008,17,2026-09-19,Motor Skills,S.Tarini poured liquid from one container to another with control.
S.TARINI,07/10/2008,17,2026-09-19,General Development,S.Tarini took initiative to start a task without being prompted.
S.TARINI,07/10/2008,17,2026-09-20,Communication,S.Tarini used gestures and words together to communicate a request effectively.
S.TARINI,07/10/2008,17,2026-09-20,Social Interaction,S.Tarini complimented a peer's work and engaged in friendly conversation.
S.TARINI,07/10/2008,17,2026-09-20,Play,S.Tarini transitioned smoothly between two different play activities.
S.TARINI,07/10/2008,17,2026-09-20,Motor Skills,"S.Tarini ran, jumped, or climbed confidently during outdoor play."
S.TARINI,07/10/2008,17,2026-09-20,General Development,S.Tarini reflected positively on their day when asked how it went.
R.DAKSHIN,04/10/2010,15,2026-09-07,Communication,R.Dakshin asked several questions and described what they were doing in complete sentences.
R.DAKSHIN,04/10/2010,15,2026-09-07,Social Interaction,R.Dakshin greeted peers warmly and initiated a short conversation before the activity began.
R.DAKSHIN,04/10/2010,15,2026-09-07,Play,R.Dakshin chose an activity independently and stayed engaged with it.
R.DAKSHIN,04/10/2010,15,2026-09-07,Motor Skills,R.Dakshin held a pencil or crayon with an appropriate grip while drawing.
R.DAKSHIN,04/10/2010,15,2026-09-07,General Development,R.Dakshin arrived ready for the day and settled into the routine smoothly.
R.DAKSHIN,04/10/2010,15,2026-09-08,Communication,R.Dakshin expressed a need clearly and waited patiently for a response.
R.DAKSHIN,04/10/2010,15,2026-09-08,Social Interaction,R.Dakshin took turns and shared materials with peers during a group activity.
R.DAKSHIN,04/10/2010,15,2026-09-08,Play,R.Dakshin used props creatively during pretend play with a peer.
R.DAKSHIN,04/10/2010,15,2026-09-08,Motor Skills,"R.Dakshin navigated the classroom space safely, avoiding obstacles."
R.DAKSHIN,04/10/2010,15,2026-09-08,General Development,R.Dakshin showed increasing independence in managing personal belongings.
R.DAKSHIN,04/10/2010,15,2026-09-09,Communication,R.Dakshin described a picture or object in detail using descriptive words.
R.DAKSHIN,04/10/2010,15,2026-09-09,Social Interaction,R.Dakshin worked alongside a peer on a shared task without conflict.
R.DAKSHIN,04/10/2010,15,2026-09-09,Play,"R.Dakshin engaged in imaginative play, creating a story around the activity."
R.DAKSHIN,04/10/2010,15,2026-09-09,Motor Skills,R.Dakshin threw and caught a ball with improving accuracy.
R.DAKSHIN,04/10/2010,15,2026-09-09,General Development,R.Dakshin adapted well to a small change in the daily schedule.
R.DAKSHIN,04/10/2010,15,2026-09-10,Communication,R.Dakshin followed a two-step verbal instruction without needing it repeated.
R.DAKSHIN,04/10/2010,15,2026-09-10,Social Interaction,R.Dakshin offered to help a classmate who was struggling with a task.
R.DAKSHIN,04/10/2010,15,2026-09-10,Play,R.Dakshin took on a role during group play and stayed in character.
R.DAKSHIN,04/10/2010,15,2026-09-10,Motor Skills,R.Dakshin showed good balance and coordination during physical activity.
R.DAKSHIN,04/10/2010,15,2026-09-10,General Development,R.Dakshin followed classroom routines with minimal reminders.
R.DAKSHIN,04/10/2010,15,2026-09-11,Communication,R.Dakshin initiated a conversation with a peer during free time.
R.DAKSHIN,04/10/2010,15,2026-09-11,Social Interaction,R.Dakshin joined an ongoing group activity smoothly and appropriately.
R.DAKSHIN,04/10/2010,15,2026-09-11,Play,R.Dakshin shared toys willingly during free play time.
R.DAKSHIN,04/10/2010,15,2026-09-11,Motor Skills,R.Dakshin used scissors carefully to cut along a line.
R.DAKSHIN,04/10/2010,15,2026-09-11,General Development,R.Dakshin showed overall steady progress and engagement in daily routines.
R.DAKSHIN,04/10/2010,15,2026-09-12,Communication,"R.Dakshin shared a story from earlier in the day, using clear and expressive language."
R.DAKSHIN,04/10/2010,15,2026-09-12,Social Interaction,R.Dakshin responded positively when a peer offered to share or help.
R.DAKSHIN,04/10/2010,15,2026-09-12,Play,R.Dakshin tried a new game and quickly understood the rules.
R.DAKSHIN,04/10/2010,15,2026-09-12,Motor Skills,R.Dakshin completed a hopping or jumping activity with steady rhythm.
R.DAKSHIN,04/10/2010,15,2026-09-12,General Development,R.Dakshin demonstrated growing confidence when trying a new task.
R.DAKSHIN,04/10/2010,15,2026-09-13,Communication,R.Dakshin answered questions about their day with relevant and organized responses.
R.DAKSHIN,04/10/2010,15,2026-09-13,Social Interaction,R.Dakshin invited others to join an activity and cooperated well throughout.
R.DAKSHIN,04/10/2010,15,2026-09-13,Play,R.Dakshin showed persistence while completing a challenging puzzle.
R.DAKSHIN,04/10/2010,15,2026-09-13,Motor Skills,R.Dakshin stacked or arranged small objects with a steady hand.
R.DAKSHIN,04/10/2010,15,2026-09-13,General Development,R.Dakshin stayed engaged and attentive throughout the session.
R.DAKSHIN,04/10/2010,15,2026-09-14,Communication,R.Dakshin used appropriate greetings and farewells with staff and peers.
R.DAKSHIN,04/10/2010,15,2026-09-14,Social Interaction,R.Dakshin maintained appropriate personal space and eye contact during interactions.
R.DAKSHIN,04/10/2010,15,2026-09-14,Play,R.Dakshin stayed focused on a building/construction activity for an extended time.
R.DAKSHIN,04/10/2010,15,2026-09-14,Motor Skills,R.Dakshin buttoned or zipped their own clothing without assistance.
R.DAKSHIN,04/10/2010,15,2026-09-14,General Development,R.Dakshin managed transitions between activities calmly and independently.
R.DAKSHIN,04/10/2010,15,2026-09-15,Communication,R.Dakshin expressed a preference between two choices when asked.
R.DAKSHIN,04/10/2010,15,2026-09-15,Social Interaction,R.Dakshin resolved a small disagreement with a peer calmly and with guidance.
R.DAKSHIN,04/10/2010,15,2026-09-15,Play,"R.Dakshin engaged in cooperative play, taking turns leading the activity."
R.DAKSHIN,04/10/2010,15,2026-09-15,Motor Skills,R.Dakshin used fine motor skills carefully while handling small objects.
R.DAKSHIN,04/10/2010,15,2026-09-15,General Development,R.Dakshin showed good self-regulation when faced with a minor frustration.
R.DAKSHIN,04/10/2010,15,2026-09-16,Communication,R.Dakshin recounted the sequence of an activity in the correct order.
R.DAKSHIN,04/10/2010,15,2026-09-16,Social Interaction,R.Dakshin celebrated a peer's success and offered words of encouragement.
R.DAKSHIN,04/10/2010,15,2026-09-16,Play,R.Dakshin displayed enjoyment and enthusiasm during outdoor play.
R.DAKSHIN,04/10/2010,15,2026-09-16,Motor Skills,R.Dakshin maintained balance while walking along a line or beam.
R.DAKSHIN,04/10/2010,15,2026-09-16,General Development,R.Dakshin completed a daily task independently with minimal guidance.
R.DAKSHIN,04/10/2010,15,2026-09-17,Communication,R.Dakshin used new vocabulary correctly while explaining an idea to others.
R.DAKSHIN,04/10/2010,15,2026-09-17,Social Interaction,"R.Dakshin participated actively in a group game, following the agreed rules."
R.DAKSHIN,04/10/2010,15,2026-09-17,Play,R.Dakshin organized materials thoughtfully before beginning an activity.
R.DAKSHIN,04/10/2010,15,2026-09-17,Motor Skills,R.Dakshin strung beads or threaded objects with good hand-eye coordination.
R.DAKSHIN,04/10/2010,15,2026-09-17,General Development,R.Dakshin displayed a positive and cooperative attitude throughout the day.
R.DAKSHIN,04/10/2010,15,2026-09-18,Communication,R.Dakshin asked for help using a complete sentence when facing a challenge.
R.DAKSHIN,04/10/2010,15,2026-09-18,Social Interaction,R.Dakshin showed empathy by comforting someone who was upset.
R.DAKSHIN,04/10/2010,15,2026-09-18,Play,R.Dakshin adapted play when a peer suggested a new idea.
R.DAKSHIN,04/10/2010,15,2026-09-18,Motor Skills,R.Dakshin participated in a stretching or warm-up routine with correct form.
R.DAKSHIN,04/10/2010,15,2026-09-18,General Development,R.Dakshin demonstrated an improved attention span during a focused task.
R.DAKSHIN,04/10/2010,15,2026-09-19,Communication,"R.Dakshin participated in a group discussion, waiting for their turn to speak."
R.DAKSHIN,04/10/2010,15,2026-09-19,Social Interaction,R.Dakshin waited patiently for their turn during a shared activity.
R.DAKSHIN,04/10/2010,15,2026-09-19,Play,R.Dakshin explored a new activity independently with curiosity.
R.DAKSHIN,04/10/2010,15,2026-09-19,Motor Skills,R.Dakshin poured liquid from one container to another with control.
R.DAKSHIN,04/10/2010,15,2026-09-19,General Development,R.Dakshin took initiative to start a task without being prompted.
R.DAKSHIN,04/10/2010,15,2026-09-20,Communication,R.Dakshin used gestures and words together to communicate a request effectively.
R.DAKSHIN,04/10/2010,15,2026-09-20,Social Interaction,R.Dakshin complimented a peer's work and engaged in friendly conversation.
R.DAKSHIN,04/10/2010,15,2026-09-20,Play,R.Dakshin transitioned smoothly between two different play activities.
R.DAKSHIN,04/10/2010,15,2026-09-20,Motor Skills,"R.Dakshin ran, jumped, or climbed confidently during outdoor play."
R.DAKSHIN,04/10/2010,15,2026-09-20,General Development,R.Dakshin reflected positively on their day when asked how it went.
M.K.MD.AARIF,25/01/2012,14,2026-09-07,Communication,M.K.Md.Aarif asked several questions and described what they were doing in complete sentences.
M.K.MD.AARIF,25/01/2012,14,2026-09-07,Social Interaction,M.K.Md.Aarif greeted peers warmly and initiated a short conversation before the activity began.
M.K.MD.AARIF,25/01/2012,14,2026-09-07,Play,M.K.Md.Aarif chose an activity independently and stayed engaged with it.
M.K.MD.AARIF,25/01/2012,14,2026-09-07,Motor Skills,M.K.Md.Aarif held a pencil or crayon with an appropriate grip while drawing.
M.K.MD.AARIF,25/01/2012,14,2026-09-07,General Development,M.K.Md.Aarif arrived ready for the day and settled into the routine smoothly.
M.K.MD.AARIF,25/01/2012,14,2026-09-08,Communication,M.K.Md.Aarif expressed a need clearly and waited patiently for a response.
M.K.MD.AARIF,25/01/2012,14,2026-09-08,Social Interaction,M.K.Md.Aarif took turns and shared materials with peers during a group activity.
M.K.MD.AARIF,25/01/2012,14,2026-09-08,Play,M.K.Md.Aarif used props creatively during pretend play with a peer.
M.K.MD.AARIF,25/01/2012,14,2026-09-08,Motor Skills,"M.K.Md.Aarif navigated the classroom space safely, avoiding obstacles."
M.K.MD.AARIF,25/01/2012,14,2026-09-08,General Development,M.K.Md.Aarif showed increasing independence in managing personal belongings.
M.K.MD.AARIF,25/01/2012,14,2026-09-09,Communication,M.K.Md.Aarif described a picture or object in detail using descriptive words.
M.K.MD.AARIF,25/01/2012,14,2026-09-09,Social Interaction,M.K.Md.Aarif worked alongside a peer on a shared task without conflict.
M.K.MD.AARIF,25/01/2012,14,2026-09-09,Play,"M.K.Md.Aarif engaged in imaginative play, creating a story around the activity."
M.K.MD.AARIF,25/01/2012,14,2026-09-09,Motor Skills,M.K.Md.Aarif threw and caught a ball with improving accuracy.
M.K.MD.AARIF,25/01/2012,14,2026-09-09,General Development,M.K.Md.Aarif adapted well to a small change in the daily schedule.
M.K.MD.AARIF,25/01/2012,14,2026-09-10,Communication,M.K.Md.Aarif followed a two-step verbal instruction without needing it repeated.
M.K.MD.AARIF,25/01/2012,14,2026-09-10,Social Interaction,M.K.Md.Aarif offered to help a classmate who was struggling with a task.
M.K.MD.AARIF,25/01/2012,14,2026-09-10,Play,M.K.Md.Aarif took on a role during group play and stayed in character.
M.K.MD.AARIF,25/01/2012,14,2026-09-10,Motor Skills,M.K.Md.Aarif showed good balance and coordination during physical activity.
M.K.MD.AARIF,25/01/2012,14,2026-09-10,General Development,M.K.Md.Aarif followed classroom routines with minimal reminders.
M.K.MD.AARIF,25/01/2012,14,2026-09-11,Communication,M.K.Md.Aarif initiated a conversation with a peer during free time.
M.K.MD.AARIF,25/01/2012,14,2026-09-11,Social Interaction,M.K.Md.Aarif joined an ongoing group activity smoothly and appropriately.
M.K.MD.AARIF,25/01/2012,14,2026-09-11,Play,M.K.Md.Aarif shared toys willingly during free play time.
M.K.MD.AARIF,25/01/2012,14,2026-09-11,Motor Skills,M.K.Md.Aarif used scissors carefully to cut along a line.
M.K.MD.AARIF,25/01/2012,14,2026-09-11,General Development,M.K.Md.Aarif showed overall steady progress and engagement in daily routines.
M.K.MD.AARIF,25/01/2012,14,2026-09-12,Communication,"M.K.Md.Aarif shared a story from earlier in the day, using clear and expressive language."
M.K.MD.AARIF,25/01/2012,14,2026-09-12,Social Interaction,M.K.Md.Aarif responded positively when a peer offered to share or help.
M.K.MD.AARIF,25/01/2012,14,2026-09-12,Play,M.K.Md.Aarif tried a new game and quickly understood the rules.
M.K.MD.AARIF,25/01/2012,14,2026-09-12,Motor Skills,M.K.Md.Aarif completed a hopping or jumping activity with steady rhythm.
M.K.MD.AARIF,25/01/2012,14,2026-09-12,General Development,M.K.Md.Aarif demonstrated growing confidence when trying a new task.
M.K.MD.AARIF,25/01/2012,14,2026-09-13,Communication,M.K.Md.Aarif answered questions about their day with relevant and organized responses.
M.K.MD.AARIF,25/01/2012,14,2026-09-13,Social Interaction,M.K.Md.Aarif invited others to join an activity and cooperated well throughout.
M.K.MD.AARIF,25/01/2012,14,2026-09-13,Play,M.K.Md.Aarif showed persistence while completing a challenging puzzle.
M.K.MD.AARIF,25/01/2012,14,2026-09-13,Motor Skills,M.K.Md.Aarif stacked or arranged small objects with a steady hand.
M.K.MD.AARIF,25/01/2012,14,2026-09-13,General Development,M.K.Md.Aarif stayed engaged and attentive throughout the session.
M.K.MD.AARIF,25/01/2012,14,2026-09-14,Communication,M.K.Md.Aarif used appropriate greetings and farewells with staff and peers.
M.K.MD.AARIF,25/01/2012,14,2026-09-14,Social Interaction,M.K.Md.Aarif maintained appropriate personal space and eye contact during interactions.
M.K.MD.AARIF,25/01/2012,14,2026-09-14,Play,M.K.Md.Aarif stayed focused on a building/construction activity for an extended time.
M.K.MD.AARIF,25/01/2012,14,2026-09-14,Motor Skills,M.K.Md.Aarif buttoned or zipped their own clothing without assistance.
M.K.MD.AARIF,25/01/2012,14,2026-09-14,General Development,M.K.Md.Aarif managed transitions between activities calmly and independently.
M.K.MD.AARIF,25/01/2012,14,2026-09-15,Communication,M.K.Md.Aarif expressed a preference between two choices when asked.
M.K.MD.AARIF,25/01/2012,14,2026-09-15,Social Interaction,M.K.Md.Aarif resolved a small disagreement with a peer calmly and with guidance.
M.K.MD.AARIF,25/01/2012,14,2026-09-15,Play,"M.K.Md.Aarif engaged in cooperative play, taking turns leading the activity."
M.K.MD.AARIF,25/01/2012,14,2026-09-15,Motor Skills,M.K.Md.Aarif used fine motor skills carefully while handling small objects.
M.K.MD.AARIF,25/01/2012,14,2026-09-15,General Development,M.K.Md.Aarif showed good self-regulation when faced with a minor frustration.
M.K.MD.AARIF,25/01/2012,14,2026-09-16,Communication,M.K.Md.Aarif recounted the sequence of an activity in the correct order.
M.K.MD.AARIF,25/01/2012,14,2026-09-16,Social Interaction,M.K.Md.Aarif celebrated a peer's success and offered words of encouragement.
M.K.MD.AARIF,25/01/2012,14,2026-09-16,Play,M.K.Md.Aarif displayed enjoyment and enthusiasm during outdoor play.
M.K.MD.AARIF,25/01/2012,14,2026-09-16,Motor Skills,M.K.Md.Aarif maintained balance while walking along a line or beam.
M.K.MD.AARIF,25/01/2012,14,2026-09-16,General Development,M.K.Md.Aarif completed a daily task independently with minimal guidance.
M.K.MD.AARIF,25/01/2012,14,2026-09-17,Communication,M.K.Md.Aarif used new vocabulary correctly while explaining an idea to others.
M.K.MD.AARIF,25/01/2012,14,2026-09-17,Social Interaction,"M.K.Md.Aarif participated actively in a group game, following the agreed rules."
M.K.MD.AARIF,25/01/2012,14,2026-09-17,Play,M.K.Md.Aarif organized materials thoughtfully before beginning an activity.
M.K.MD.AARIF,25/01/2012,14,2026-09-17,Motor Skills,M.K.Md.Aarif strung beads or threaded objects with good hand-eye coordination.
M.K.MD.AARIF,25/01/2012,14,2026-09-17,General Development,M.K.Md.Aarif displayed a positive and cooperative attitude throughout the day.
M.K.MD.AARIF,25/01/2012,14,2026-09-18,Communication,M.K.Md.Aarif asked for help using a complete sentence when facing a challenge.
M.K.MD.AARIF,25/01/2012,14,2026-09-18,Social Interaction,M.K.Md.Aarif showed empathy by comforting someone who was upset.
M.K.MD.AARIF,25/01/2012,14,2026-09-18,Play,M.K.Md.Aarif adapted play when a peer suggested a new idea.
M.K.MD.AARIF,25/01/2012,14,2026-09-18,Motor Skills,M.K.Md.Aarif participated in a stretching or warm-up routine with correct form.
M.K.MD.AARIF,25/01/2012,14,2026-09-18,General Development,M.K.Md.Aarif demonstrated an improved attention span during a focused task.
M.K.MD.AARIF,25/01/2012,14,2026-09-19,Communication,"M.K.Md.Aarif participated in a group discussion, waiting for their turn to speak."
M.K.MD.AARIF,25/01/2012,14,2026-09-19,Social Interaction,M.K.Md.Aarif waited patiently for their turn during a shared activity.
M.K.MD.AARIF,25/01/2012,14,2026-09-19,Play,M.K.Md.Aarif explored a new activity independently with curiosity.
M.K.MD.AARIF,25/01/2012,14,2026-09-19,Motor Skills,M.K.Md.Aarif poured liquid from one container to another with control.
M.K.MD.AARIF,25/01/2012,14,2026-09-19,General Development,M.K.Md.Aarif took initiative to start a task without being prompted.
M.K.MD.AARIF,25/01/2012,14,2026-09-20,Communication,M.K.Md.Aarif used gestures and words together to communicate a request effectively.
M.K.MD.AARIF,25/01/2012,14,2026-09-20,Social Interaction,M.K.Md.Aarif complimented a peer's work and engaged in friendly conversation.
M.K.MD.AARIF,25/01/2012,14,2026-09-20,Play,M.K.Md.Aarif transitioned smoothly between two different play activities.
M.K.MD.AARIF,25/01/2012,14,2026-09-20,Motor Skills,"M.K.Md.Aarif ran, jumped, or climbed confidently during outdoor play."
M.K.MD.AARIF,25/01/2012,14,2026-09-20,General Development,M.K.Md.Aarif reflected positively on their day when asked how it went.
R.HAFSAH,16/11/2017,8,2026-09-07,Communication,R.Hafsah asked several questions and described what they were doing in complete sentences.
R.HAFSAH,16/11/2017,8,2026-09-07,Social Interaction,R.Hafsah greeted peers warmly and initiated a short conversation before the activity began.
R.HAFSAH,16/11/2017,8,2026-09-07,Play,R.Hafsah chose an activity independently and stayed engaged with it.
R.HAFSAH,16/11/2017,8,2026-09-07,Motor Skills,R.Hafsah held a pencil or crayon with an appropriate grip while drawing.
R.HAFSAH,16/11/2017,8,2026-09-07,General Development,R.Hafsah arrived ready for the day and settled into the routine smoothly.
R.HAFSAH,16/11/2017,8,2026-09-08,Communication,R.Hafsah expressed a need clearly and waited patiently for a response.
R.HAFSAH,16/11/2017,8,2026-09-08,Social Interaction,R.Hafsah took turns and shared materials with peers during a group activity.
R.HAFSAH,16/11/2017,8,2026-09-08,Play,R.Hafsah used props creatively during pretend play with a peer.
R.HAFSAH,16/11/2017,8,2026-09-08,Motor Skills,"R.Hafsah navigated the classroom space safely, avoiding obstacles."
R.HAFSAH,16/11/2017,8,2026-09-08,General Development,R.Hafsah showed increasing independence in managing personal belongings.
R.HAFSAH,16/11/2017,8,2026-09-09,Communication,R.Hafsah described a picture or object in detail using descriptive words.
R.HAFSAH,16/11/2017,8,2026-09-09,Social Interaction,R.Hafsah worked alongside a peer on a shared task without conflict.
R.HAFSAH,16/11/2017,8,2026-09-09,Play,"R.Hafsah engaged in imaginative play, creating a story around the activity."
R.HAFSAH,16/11/2017,8,2026-09-09,Motor Skills,R.Hafsah threw and caught a ball with improving accuracy.
R.HAFSAH,16/11/2017,8,2026-09-09,General Development,R.Hafsah adapted well to a small change in the daily schedule.
R.HAFSAH,16/11/2017,8,2026-09-10,Communication,R.Hafsah followed a two-step verbal instruction without needing it repeated.
R.HAFSAH,16/11/2017,8,2026-09-10,Social Interaction,R.Hafsah offered to help a classmate who was struggling with a task.
R.HAFSAH,16/11/2017,8,2026-09-10,Play,R.Hafsah took on a role during group play and stayed in character.
R.HAFSAH,16/11/2017,8,2026-09-10,Motor Skills,R.Hafsah showed good balance and coordination during physical activity.
R.HAFSAH,16/11/2017,8,2026-09-10,General Development,R.Hafsah followed classroom routines with minimal reminders.
R.HAFSAH,16/11/2017,8,2026-09-11,Communication,R.Hafsah initiated a conversation with a peer during free time.
R.HAFSAH,16/11/2017,8,2026-09-11,Social Interaction,R.Hafsah joined an ongoing group activity smoothly and appropriately.
R.HAFSAH,16/11/2017,8,2026-09-11,Play,R.Hafsah shared toys willingly during free play time.
R.HAFSAH,16/11/2017,8,2026-09-11,Motor Skills,R.Hafsah used scissors carefully to cut along a line.
R.HAFSAH,16/11/2017,8,2026-09-11,General Development,R.Hafsah showed overall steady progress and engagement in daily routines.
R.HAFSAH,16/11/2017,8,2026-09-12,Communication,"R.Hafsah shared a story from earlier in the day, using clear and expressive language."
R.HAFSAH,16/11/2017,8,2026-09-12,Social Interaction,R.Hafsah responded positively when a peer offered to share or help.
R.HAFSAH,16/11/2017,8,2026-09-12,Play,R.Hafsah tried a new game and quickly understood the rules.
R.HAFSAH,16/11/2017,8,2026-09-12,Motor Skills,R.Hafsah completed a hopping or jumping activity with steady rhythm.
R.HAFSAH,16/11/2017,8,2026-09-12,General Development,R.Hafsah demonstrated growing confidence when trying a new task.
R.HAFSAH,16/11/2017,8,2026-09-13,Communication,R.Hafsah answered questions about their day with relevant and organized responses.
R.HAFSAH,16/11/2017,8,2026-09-13,Social Interaction,R.Hafsah invited others to join an activity and cooperated well throughout.
R.HAFSAH,16/11/2017,8,2026-09-13,Play,R.Hafsah showed persistence while completing a challenging puzzle.
R.HAFSAH,16/11/2017,8,2026-09-13,Motor Skills,R.Hafsah stacked or arranged small objects with a steady hand.
R.HAFSAH,16/11/2017,8,2026-09-13,General Development,R.Hafsah stayed engaged and attentive throughout the session.
R.HAFSAH,16/11/2017,8,2026-09-14,Communication,R.Hafsah used appropriate greetings and farewells with staff and peers.
R.HAFSAH,16/11/2017,8,2026-09-14,Social Interaction,R.Hafsah maintained appropriate personal space and eye contact during interactions.
R.HAFSAH,16/11/2017,8,2026-09-14,Play,R.Hafsah stayed focused on a building/construction activity for an extended time.
R.HAFSAH,16/11/2017,8,2026-09-14,Motor Skills,R.Hafsah buttoned or zipped their own clothing without assistance.
R.HAFSAH,16/11/2017,8,2026-09-14,General Development,R.Hafsah managed transitions between activities calmly and independently.
R.HAFSAH,16/11/2017,8,2026-09-15,Communication,R.Hafsah expressed a preference between two choices when asked.
R.HAFSAH,16/11/2017,8,2026-09-15,Social Interaction,R.Hafsah resolved a small disagreement with a peer calmly and with guidance.
R.HAFSAH,16/11/2017,8,2026-09-15,Play,"R.Hafsah engaged in cooperative play, taking turns leading the activity."
R.HAFSAH,16/11/2017,8,2026-09-15,Motor Skills,R.Hafsah used fine motor skills carefully while handling small objects.
R.HAFSAH,16/11/2017,8,2026-09-15,General Development,R.Hafsah showed good self-regulation when faced with a minor frustration.
R.HAFSAH,16/11/2017,8,2026-09-16,Communication,R.Hafsah recounted the sequence of an activity in the correct order.
R.HAFSAH,16/11/2017,8,2026-09-16,Social Interaction,R.Hafsah celebrated a peer's success and offered words of encouragement.
R.HAFSAH,16/11/2017,8,2026-09-16,Play,R.Hafsah displayed enjoyment and enthusiasm during outdoor play.
R.HAFSAH,16/11/2017,8,2026-09-16,Motor Skills,R.Hafsah maintained balance while walking along a line or beam.
R.HAFSAH,16/11/2017,8,2026-09-16,General Development,R.Hafsah completed a daily task independently with minimal guidance.
R.HAFSAH,16/11/2017,8,2026-09-17,Communication,R.Hafsah used new vocabulary correctly while explaining an idea to others.
R.HAFSAH,16/11/2017,8,2026-09-17,Social Interaction,"R.Hafsah participated actively in a group game, following the agreed rules."
R.HAFSAH,16/11/2017,8,2026-09-17,Play,R.Hafsah organized materials thoughtfully before beginning an activity.
R.HAFSAH,16/11/2017,8,2026-09-17,Motor Skills,R.Hafsah strung beads or threaded objects with good hand-eye coordination.
R.HAFSAH,16/11/2017,8,2026-09-17,General Development,R.Hafsah displayed a positive and cooperative attitude throughout the day.
R.HAFSAH,16/11/2017,8,2026-09-18,Communication,R.Hafsah asked for help using a complete sentence when facing a challenge.
R.HAFSAH,16/11/2017,8,2026-09-18,Social Interaction,R.Hafsah showed empathy by comforting someone who was upset.
R.HAFSAH,16/11/2017,8,2026-09-18,Play,R.Hafsah adapted play when a peer suggested a new idea.
R.HAFSAH,16/11/2017,8,2026-09-18,Motor Skills,R.Hafsah participated in a stretching or warm-up routine with correct form.
R.HAFSAH,16/11/2017,8,2026-09-18,General Development,R.Hafsah demonstrated an improved attention span during a focused task.
R.HAFSAH,16/11/2017,8,2026-09-19,Communication,"R.Hafsah participated in a group discussion, waiting for their turn to speak."
R.HAFSAH,16/11/2017,8,2026-09-19,Social Interaction,R.Hafsah waited patiently for their turn during a shared activity.
R.HAFSAH,16/11/2017,8,2026-09-19,Play,R.Hafsah explored a new activity independently with curiosity.
R.HAFSAH,16/11/2017,8,2026-09-19,Motor Skills,R.Hafsah poured liquid from one container to another with control.
R.HAFSAH,16/11/2017,8,2026-09-19,General Development,R.Hafsah took initiative to start a task without being prompted.
R.HAFSAH,16/11/2017,8,2026-09-20,Communication,R.Hafsah used gestures and words together to communicate a request effectively.
R.HAFSAH,16/11/2017,8,2026-09-20,Social Interaction,R.Hafsah complimented a peer's work and engaged in friendly conversation.
R.HAFSAH,16/11/2017,8,2026-09-20,Play,R.Hafsah transitioned smoothly between two different play activities.
R.HAFSAH,16/11/2017,8,2026-09-20,Motor Skills,"R.Hafsah ran, jumped, or climbed confidently during outdoor play."
R.HAFSAH,16/11/2017,8,2026-09-20,General Development,R.Hafsah reflected positively on their day when asked how it went.
U V.KRISH,14/07/2015,11,2026-09-07,Communication,U V.Krish asked several questions and described what they were doing in complete sentences.
U V.KRISH,14/07/2015,11,2026-09-07,Social Interaction,U V.Krish greeted peers warmly and initiated a short conversation before the activity began.
U V.KRISH,14/07/2015,11,2026-09-07,Play,U V.Krish chose an activity independently and stayed engaged with it.
U V.KRISH,14/07/2015,11,2026-09-07,Motor Skills,U V.Krish held a pencil or crayon with an appropriate grip while drawing.
U V.KRISH,14/07/2015,11,2026-09-07,General Development,U V.Krish arrived ready for the day and settled into the routine smoothly.
U V.KRISH,14/07/2015,11,2026-09-08,Communication,U V.Krish expressed a need clearly and waited patiently for a response.
U V.KRISH,14/07/2015,11,2026-09-08,Social Interaction,U V.Krish took turns and shared materials with peers during a group activity.
U V.KRISH,14/07/2015,11,2026-09-08,Play,U V.Krish used props creatively during pretend play with a peer.
U V.KRISH,14/07/2015,11,2026-09-08,Motor Skills,"U V.Krish navigated the classroom space safely, avoiding obstacles."
U V.KRISH,14/07/2015,11,2026-09-08,General Development,U V.Krish showed increasing independence in managing personal belongings.
U V.KRISH,14/07/2015,11,2026-09-09,Communication,U V.Krish described a picture or object in detail using descriptive words.
U V.KRISH,14/07/2015,11,2026-09-09,Social Interaction,U V.Krish worked alongside a peer on a shared task without conflict.
U V.KRISH,14/07/2015,11,2026-09-09,Play,"U V.Krish engaged in imaginative play, creating a story around the activity."
U V.KRISH,14/07/2015,11,2026-09-09,Motor Skills,U V.Krish threw and caught a ball with improving accuracy.
U V.KRISH,14/07/2015,11,2026-09-09,General Development,U V.Krish adapted well to a small change in the daily schedule.
U V.KRISH,14/07/2015,11,2026-09-10,Communication,U V.Krish followed a two-step verbal instruction without needing it repeated.
U V.KRISH,14/07/2015,11,2026-09-10,Social Interaction,U V.Krish offered to help a classmate who was struggling with a task.
U V.KRISH,14/07/2015,11,2026-09-10,Play,U V.Krish took on a role during group play and stayed in character.
U V.KRISH,14/07/2015,11,2026-09-10,Motor Skills,U V.Krish showed good balance and coordination during physical activity.
U V.KRISH,14/07/2015,11,2026-09-10,General Development,U V.Krish followed classroom routines with minimal reminders.
U V.KRISH,14/07/2015,11,2026-09-11,Communication,U V.Krish initiated a conversation with a peer during free time.
U V.KRISH,14/07/2015,11,2026-09-11,Social Interaction,U V.Krish joined an ongoing group activity smoothly and appropriately.
U V.KRISH,14/07/2015,11,2026-09-11,Play,U V.Krish shared toys willingly during free play time.
U V.KRISH,14/07/2015,11,2026-09-11,Motor Skills,U V.Krish used scissors carefully to cut along a line.
U V.KRISH,14/07/2015,11,2026-09-11,General Development,U V.Krish showed overall steady progress and engagement in daily routines.
U V.KRISH,14/07/2015,11,2026-09-12,Communication,"U V.Krish shared a story from earlier in the day, using clear and expressive language."
U V.KRISH,14/07/2015,11,2026-09-12,Social Interaction,U V.Krish responded positively when a peer offered to share or help.
U V.KRISH,14/07/2015,11,2026-09-12,Play,U V.Krish tried a new game and quickly understood the rules.
U V.KRISH,14/07/2015,11,2026-09-12,Motor Skills,U V.Krish completed a hopping or jumping activity with steady rhythm.
U V.KRISH,14/07/2015,11,2026-09-12,General Development,U V.Krish demonstrated growing confidence when trying a new task.
U V.KRISH,14/07/2015,11,2026-09-13,Communication,U V.Krish answered questions about their day with relevant and organized responses.
U V.KRISH,14/07/2015,11,2026-09-13,Social Interaction,U V.Krish invited others to join an activity and cooperated well throughout.
U V.KRISH,14/07/2015,11,2026-09-13,Play,U V.Krish showed persistence while completing a challenging puzzle.
U V.KRISH,14/07/2015,11,2026-09-13,Motor Skills,U V.Krish stacked or arranged small objects with a steady hand.
U V.KRISH,14/07/2015,11,2026-09-13,General Development,U V.Krish stayed engaged and attentive throughout the session.
U V.KRISH,14/07/2015,11,2026-09-14,Communication,U V.Krish used appropriate greetings and farewells with staff and peers.
U V.KRISH,14/07/2015,11,2026-09-14,Social Interaction,U V.Krish maintained appropriate personal space and eye contact during interactions.
U V.KRISH,14/07/2015,11,2026-09-14,Play,U V.Krish stayed focused on a building/construction activity for an extended time.
U V.KRISH,14/07/2015,11,2026-09-14,Motor Skills,U V.Krish buttoned or zipped their own clothing without assistance.
U V.KRISH,14/07/2015,11,2026-09-14,General Development,U V.Krish managed transitions between activities calmly and independently.
U V.KRISH,14/07/2015,11,2026-09-15,Communication,U V.Krish expressed a preference between two choices when asked.
U V.KRISH,14/07/2015,11,2026-09-15,Social Interaction,U V.Krish resolved a small disagreement with a peer calmly and with guidance.
U V.KRISH,14/07/2015,11,2026-09-15,Play,"U V.Krish engaged in cooperative play, taking turns leading the activity."
U V.KRISH,14/07/2015,11,2026-09-15,Motor Skills,U V.Krish used fine motor skills carefully while handling small objects.
U V.KRISH,14/07/2015,11,2026-09-15,General Development,U V.Krish showed good self-regulation when faced with a minor frustration.
U V.KRISH,14/07/2015,11,2026-09-16,Communication,U V.Krish recounted the sequence of an activity in the correct order.
U V.KRISH,14/07/2015,11,2026-09-16,Social Interaction,U V.Krish celebrated a peer's success and offered words of encouragement.
U V.KRISH,14/07/2015,11,2026-09-16,Play,U V.Krish displayed enjoyment and enthusiasm during outdoor play.
U V.KRISH,14/07/2015,11,2026-09-16,Motor Skills,U V.Krish maintained balance while walking along a line or beam.
U V.KRISH,14/07/2015,11,2026-09-16,General Development,U V.Krish completed a daily task independently with minimal guidance.
U V.KRISH,14/07/2015,11,2026-09-17,Communication,U V.Krish used new vocabulary correctly while explaining an idea to others.
U V.KRISH,14/07/2015,11,2026-09-17,Social Interaction,"U V.Krish participated actively in a group game, following the agreed rules."
U V.KRISH,14/07/2015,11,2026-09-17,Play,U V.Krish organized materials thoughtfully before beginning an activity.
U V.KRISH,14/07/2015,11,2026-09-17,Motor Skills,U V.Krish strung beads or threaded objects with good hand-eye coordination.
U V.KRISH,14/07/2015,11,2026-09-17,General Development,U V.Krish displayed a positive and cooperative attitude throughout the day.
U V.KRISH,14/07/2015,11,2026-09-18,Communication,U V.Krish asked for help using a complete sentence when facing a challenge.
U V.KRISH,14/07/2015,11,2026-09-18,Social Interaction,U V.Krish showed empathy by comforting someone who was upset.
U V.KRISH,14/07/2015,11,2026-09-18,Play,U V.Krish adapted play when a peer suggested a new idea.
U V.KRISH,14/07/2015,11,2026-09-18,Motor Skills,U V.Krish participated in a stretching or warm-up routine with correct form.
U V.KRISH,14/07/2015,11,2026-09-18,General Development,U V.Krish demonstrated an improved attention span during a focused task.
U V.KRISH,14/07/2015,11,2026-09-19,Communication,"U V.Krish participated in a group discussion, waiting for their turn to speak."
U V.KRISH,14/07/2015,11,2026-09-19,Social Interaction,U V.Krish waited patiently for their turn during a shared activity.
U V.KRISH,14/07/2015,11,2026-09-19,Play,U V.Krish explored a new activity independently with curiosity.
U V.KRISH,14/07/2015,11,2026-09-19,Motor Skills,U V.Krish poured liquid from one container to another with control.
U V.KRISH,14/07/2015,11,2026-09-19,General Development,U V.Krish took initiative to start a task without being prompted.
U V.KRISH,14/07/2015,11,2026-09-20,Communication,U V.Krish used gestures and words together to communicate a request effectively.
U V.KRISH,14/07/2015,11,2026-09-20,Social Interaction,U V.Krish complimented a peer's work and engaged in friendly conversation.
U V.KRISH,14/07/2015,11,2026-09-20,Play,U V.Krish transitioned smoothly between two different play activities.
U V.KRISH,14/07/2015,11,2026-09-20,Motor Skills,"U V.Krish ran, jumped, or climbed confidently during outdoor play."
U V.KRISH,14/07/2015,11,2026-09-20,General Development,U V.Krish reflected positively on their day when asked how it went.
S.YADHESWARAN,20/09/2015,10,2026-09-07,Communication,S.Yadheswaran asked several questions and described what they were doing in complete sentences.
S.YADHESWARAN,20/09/2015,10,2026-09-07,Social Interaction,S.Yadheswaran greeted peers warmly and initiated a short conversation before the activity began.
S.YADHESWARAN,20/09/2015,10,2026-09-07,Play,S.Yadheswaran chose an activity independently and stayed engaged with it.
S.YADHESWARAN,20/09/2015,10,2026-09-07,Motor Skills,S.Yadheswaran held a pencil or crayon with an appropriate grip while drawing.
S.YADHESWARAN,20/09/2015,10,2026-09-07,General Development,S.Yadheswaran arrived ready for the day and settled into the routine smoothly.
S.YADHESWARAN,20/09/2015,10,2026-09-08,Communication,S.Yadheswaran expressed a need clearly and waited patiently for a response.
S.YADHESWARAN,20/09/2015,10,2026-09-08,Social Interaction,S.Yadheswaran took turns and shared materials with peers during a group activity.
S.YADHESWARAN,20/09/2015,10,2026-09-08,Play,S.Yadheswaran used props creatively during pretend play with a peer.
S.YADHESWARAN,20/09/2015,10,2026-09-08,Motor Skills,"S.Yadheswaran navigated the classroom space safely, avoiding obstacles."
S.YADHESWARAN,20/09/2015,10,2026-09-08,General Development,S.Yadheswaran showed increasing independence in managing personal belongings.
S.YADHESWARAN,20/09/2015,10,2026-09-09,Communication,S.Yadheswaran described a picture or object in detail using descriptive words.
S.YADHESWARAN,20/09/2015,10,2026-09-09,Social Interaction,S.Yadheswaran worked alongside a peer on a shared task without conflict.
S.YADHESWARAN,20/09/2015,10,2026-09-09,Play,"S.Yadheswaran engaged in imaginative play, creating a story around the activity."
S.YADHESWARAN,20/09/2015,10,2026-09-09,Motor Skills,S.Yadheswaran threw and caught a ball with improving accuracy.
S.YADHESWARAN,20/09/2015,10,2026-09-09,General Development,S.Yadheswaran adapted well to a small change in the daily schedule.
S.YADHESWARAN,20/09/2015,10,2026-09-10,Communication,S.Yadheswaran followed a two-step verbal instruction without needing it repeated.
S.YADHESWARAN,20/09/2015,10,2026-09-10,Social Interaction,S.Yadheswaran offered to help a classmate who was struggling with a task.
S.YADHESWARAN,20/09/2015,10,2026-09-10,Play,S.Yadheswaran took on a role during group play and stayed in character.
S.YADHESWARAN,20/09/2015,10,2026-09-10,Motor Skills,S.Yadheswaran showed good balance and coordination during physical activity.
S.YADHESWARAN,20/09/2015,10,2026-09-10,General Development,S.Yadheswaran followed classroom routines with minimal reminders.
S.YADHESWARAN,20/09/2015,10,2026-09-11,Communication,S.Yadheswaran initiated a conversation with a peer during free time.
S.YADHESWARAN,20/09/2015,10,2026-09-11,Social Interaction,S.Yadheswaran joined an ongoing group activity smoothly and appropriately.
S.YADHESWARAN,20/09/2015,10,2026-09-11,Play,S.Yadheswaran shared toys willingly during free play time.
S.YADHESWARAN,20/09/2015,10,2026-09-11,Motor Skills,S.Yadheswaran used scissors carefully to cut along a line.
S.YADHESWARAN,20/09/2015,10,2026-09-11,General Development,S.Yadheswaran showed overall steady progress and engagement in daily routines.
S.YADHESWARAN,20/09/2015,10,2026-09-12,Communication,"S.Yadheswaran shared a story from earlier in the day, using clear and expressive language."
S.YADHESWARAN,20/09/2015,10,2026-09-12,Social Interaction,S.Yadheswaran responded positively when a peer offered to share or help.
S.YADHESWARAN,20/09/2015,10,2026-09-12,Play,S.Yadheswaran tried a new game and quickly understood the rules.
S.YADHESWARAN,20/09/2015,10,2026-09-12,Motor Skills,S.Yadheswaran completed a hopping or jumping activity with steady rhythm.
S.YADHESWARAN,20/09/2015,10,2026-09-12,General Development,S.Yadheswaran demonstrated growing confidence when trying a new task.
S.YADHESWARAN,20/09/2015,10,2026-09-13,Communication,S.Yadheswaran answered questions about their day with relevant and organized responses.
S.YADHESWARAN,20/09/2015,10,2026-09-13,Social Interaction,S.Yadheswaran invited others to join an activity and cooperated well throughout.
S.YADHESWARAN,20/09/2015,10,2026-09-13,Play,S.Yadheswaran showed persistence while completing a challenging puzzle.
S.YADHESWARAN,20/09/2015,10,2026-09-13,Motor Skills,S.Yadheswaran stacked or arranged small objects with a steady hand.
S.YADHESWARAN,20/09/2015,10,2026-09-13,General Development,S.Yadheswaran stayed engaged and attentive throughout the session.
S.YADHESWARAN,20/09/2015,10,2026-09-14,Communication,S.Yadheswaran used appropriate greetings and farewells with staff and peers.
S.YADHESWARAN,20/09/2015,10,2026-09-14,Social Interaction,S.Yadheswaran maintained appropriate personal space and eye contact during interactions.
S.YADHESWARAN,20/09/2015,10,2026-09-14,Play,S.Yadheswaran stayed focused on a building/construction activity for an extended time.
S.YADHESWARAN,20/09/2015,10,2026-09-14,Motor Skills,S.Yadheswaran buttoned or zipped their own clothing without assistance.
S.YADHESWARAN,20/09/2015,10,2026-09-14,General Development,S.Yadheswaran managed transitions between activities calmly and independently.
S.YADHESWARAN,20/09/2015,10,2026-09-15,Communication,S.Yadheswaran expressed a preference between two choices when asked.
S.YADHESWARAN,20/09/2015,10,2026-09-15,Social Interaction,S.Yadheswaran resolved a small disagreement with a peer calmly and with guidance.
S.YADHESWARAN,20/09/2015,10,2026-09-15,Play,"S.Yadheswaran engaged in cooperative play, taking turns leading the activity."
S.YADHESWARAN,20/09/2015,10,2026-09-15,Motor Skills,S.Yadheswaran used fine motor skills carefully while handling small objects.
S.YADHESWARAN,20/09/2015,10,2026-09-15,General Development,S.Yadheswaran showed good self-regulation when faced with a minor frustration.
S.YADHESWARAN,20/09/2015,10,2026-09-16,Communication,S.Yadheswaran recounted the sequence of an activity in the correct order.
S.YADHESWARAN,20/09/2015,10,2026-09-16,Social Interaction,S.Yadheswaran celebrated a peer's success and offered words of encouragement.
S.YADHESWARAN,20/09/2015,10,2026-09-16,Play,S.Yadheswaran displayed enjoyment and enthusiasm during outdoor play.
S.YADHESWARAN,20/09/2015,10,2026-09-16,Motor Skills,S.Yadheswaran maintained balance while walking along a line or beam.
S.YADHESWARAN,20/09/2015,10,2026-09-16,General Development,S.Yadheswaran completed a daily task independently with minimal guidance.
S.YADHESWARAN,20/09/2015,10,2026-09-17,Communication,S.Yadheswaran used new vocabulary correctly while explaining an idea to others.
S.YADHESWARAN,20/09/2015,10,2026-09-17,Social Interaction,"S.Yadheswaran participated actively in a group game, following the agreed rules."
S.YADHESWARAN,20/09/2015,10,2026-09-17,Play,S.Yadheswaran organized materials thoughtfully before beginning an activity.
S.YADHESWARAN,20/09/2015,10,2026-09-17,Motor Skills,S.Yadheswaran strung beads or threaded objects with good hand-eye coordination.
S.YADHESWARAN,20/09/2015,10,2026-09-17,General Development,S.Yadheswaran displayed a positive and cooperative attitude throughout the day.
S.YADHESWARAN,20/09/2015,10,2026-09-18,Communication,S.Yadheswaran asked for help using a complete sentence when facing a challenge.
S.YADHESWARAN,20/09/2015,10,2026-09-18,Social Interaction,S.Yadheswaran showed empathy by comforting someone who was upset.
S.YADHESWARAN,20/09/2015,10,2026-09-18,Play,S.Yadheswaran adapted play when a peer suggested a new idea.
S.YADHESWARAN,20/09/2015,10,2026-09-18,Motor Skills,S.Yadheswaran participated in a stretching or warm-up routine with correct form.
S.YADHESWARAN,20/09/2015,10,2026-09-18,General Development,S.Yadheswaran demonstrated an improved attention span during a focused task.
S.YADHESWARAN,20/09/2015,10,2026-09-19,Communication,"S.Yadheswaran participated in a group discussion, waiting for their turn to speak."
S.YADHESWARAN,20/09/2015,10,2026-09-19,Social Interaction,S.Yadheswaran waited patiently for their turn during a shared activity.
S.YADHESWARAN,20/09/2015,10,2026-09-19,Play,S.Yadheswaran explored a new activity independently with curiosity.
S.YADHESWARAN,20/09/2015,10,2026-09-19,Motor Skills,S.Yadheswaran poured liquid from one container to another with control.
S.YADHESWARAN,20/09/2015,10,2026-09-19,General Development,S.Yadheswaran took initiative to start a task without being prompted.
S.YADHESWARAN,20/09/2015,10,2026-09-20,Communication,S.Yadheswaran used gestures and words together to communicate a request effectively.
S.YADHESWARAN,20/09/2015,10,2026-09-20,Social Interaction,S.Yadheswaran complimented a peer's work and engaged in friendly conversation.
S.YADHESWARAN,20/09/2015,10,2026-09-20,Play,S.Yadheswaran transitioned smoothly between two different play activities.
S.YADHESWARAN,20/09/2015,10,2026-09-20,Motor Skills,"S.Yadheswaran ran, jumped, or climbed confidently during outdoor play."
S.YADHESWARAN,20/09/2015,10,2026-09-20,General Development,S.Yadheswaran reflected positively on their day when asked how it went.
S SREE SAI SATHYAM,07/02/2011,15,2026-09-07,Communication,S Sree Sai Sathyam asked several questions and described what they were doing in complete sentences.
S SREE SAI SATHYAM,07/02/2011,15,2026-09-07,Social Interaction,S Sree Sai Sathyam greeted peers warmly and initiated a short conversation before the activity began.
S SREE SAI SATHYAM,07/02/2011,15,2026-09-07,Play,S Sree Sai Sathyam chose an activity independently and stayed engaged with it.
S SREE SAI SATHYAM,07/02/2011,15,2026-09-07,Motor Skills,S Sree Sai Sathyam held a pencil or crayon with an appropriate grip while drawing.
S SREE SAI SATHYAM,07/02/2011,15,2026-09-07,General Development,S Sree Sai Sathyam arrived ready for the day and settled into the routine smoothly.
S SREE SAI SATHYAM,07/02/2011,15,2026-09-08,Communication,S Sree Sai Sathyam expressed a need clearly and waited patiently for a response.
S SREE SAI SATHYAM,07/02/2011,15,2026-09-08,Social Interaction,S Sree Sai Sathyam took turns and shared materials with peers during a group activity.
S SREE SAI SATHYAM,07/02/2011,15,2026-09-08,Play,S Sree Sai Sathyam used props creatively during pretend play with a peer.
S SREE SAI SATHYAM,07/02/2011,15,2026-09-08,Motor Skills,"S Sree Sai Sathyam navigated the classroom space safely, avoiding obstacles."
S SREE SAI SATHYAM,07/02/2011,15,2026-09-08,General Development,S Sree Sai Sathyam showed increasing independence in managing personal belongings.
S SREE SAI SATHYAM,07/02/2011,15,2026-09-09,Communication,S Sree Sai Sathyam described a picture or object in detail using descriptive words.
S SREE SAI SATHYAM,07/02/2011,15,2026-09-09,Social Interaction,S Sree Sai Sathyam worked alongside a peer on a shared task without conflict.
S SREE SAI SATHYAM,07/02/2011,15,2026-09-09,Play,"S Sree Sai Sathyam engaged in imaginative play, creating a story around the activity."
S SREE SAI SATHYAM,07/02/2011,15,2026-09-09,Motor Skills,S Sree Sai Sathyam threw and caught a ball with improving accuracy.
S SREE SAI SATHYAM,07/02/2011,15,2026-09-09,General Development,S Sree Sai Sathyam adapted well to a small change in the daily schedule.
S SREE SAI SATHYAM,07/02/2011,15,2026-09-10,Communication,S Sree Sai Sathyam followed a two-step verbal instruction without needing it repeated.
S SREE SAI SATHYAM,07/02/2011,15,2026-09-10,Social Interaction,S Sree Sai Sathyam offered to help a classmate who was struggling with a task.
S SREE SAI SATHYAM,07/02/2011,15,2026-09-10,Play,S Sree Sai Sathyam took on a role during group play and stayed in character.
S SREE SAI SATHYAM,07/02/2011,15,2026-09-10,Motor Skills,S Sree Sai Sathyam showed good balance and coordination during physical activity.
S SREE SAI SATHYAM,07/02/2011,15,2026-09-10,General Development,S Sree Sai Sathyam followed classroom routines with minimal reminders.
S SREE SAI SATHYAM,07/02/2011,15,2026-09-11,Communication,S Sree Sai Sathyam initiated a conversation with a peer during free time.
S SREE SAI SATHYAM,07/02/2011,15,2026-09-11,Social Interaction,S Sree Sai Sathyam joined an ongoing group activity smoothly and appropriately.
S SREE SAI SATHYAM,07/02/2011,15,2026-09-11,Play,S Sree Sai Sathyam shared toys willingly during free play time.
S SREE SAI SATHYAM,07/02/2011,15,2026-09-11,Motor Skills,S Sree Sai Sathyam used scissors carefully to cut along a line.
S SREE SAI SATHYAM,07/02/2011,15,2026-09-11,General Development,S Sree Sai Sathyam showed overall steady progress and engagement in daily routines.
S SREE SAI SATHYAM,07/02/2011,15,2026-09-12,Communication,"S Sree Sai Sathyam shared a story from earlier in the day, using clear and expressive language."
S SREE SAI SATHYAM,07/02/2011,15,2026-09-12,Social Interaction,S Sree Sai Sathyam responded positively when a peer offered to share or help.
S SREE SAI SATHYAM,07/02/2011,15,2026-09-12,Play,S Sree Sai Sathyam tried a new game and quickly understood the rules.
S SREE SAI SATHYAM,07/02/2011,15,2026-09-12,Motor Skills,S Sree Sai Sathyam completed a hopping or jumping activity with steady rhythm.
S SREE SAI SATHYAM,07/02/2011,15,2026-09-12,General Development,S Sree Sai Sathyam demonstrated growing confidence when trying a new task.
S SREE SAI SATHYAM,07/02/2011,15,2026-09-13,Communication,S Sree Sai Sathyam answered questions about their day with relevant and organized responses.
S SREE SAI SATHYAM,07/02/2011,15,2026-09-13,Social Interaction,S Sree Sai Sathyam invited others to join an activity and cooperated well throughout.
S SREE SAI SATHYAM,07/02/2011,15,2026-09-13,Play,S Sree Sai Sathyam showed persistence while completing a challenging puzzle.
S SREE SAI SATHYAM,07/02/2011,15,2026-09-13,Motor Skills,S Sree Sai Sathyam stacked or arranged small objects with a steady hand.
S SREE SAI SATHYAM,07/02/2011,15,2026-09-13,General Development,S Sree Sai Sathyam stayed engaged and attentive throughout the session.
S SREE SAI SATHYAM,07/02/2011,15,2026-09-14,Communication,S Sree Sai Sathyam used appropriate greetings and farewells with staff and peers.
S SREE SAI SATHYAM,07/02/2011,15,2026-09-14,Social Interaction,S Sree Sai Sathyam maintained appropriate personal space and eye contact during interactions.
S SREE SAI SATHYAM,07/02/2011,15,2026-09-14,Play,S Sree Sai Sathyam stayed focused on a building/construction activity for an extended time.
S SREE SAI SATHYAM,07/02/2011,15,2026-09-14,Motor Skills,S Sree Sai Sathyam buttoned or zipped their own clothing without assistance.
S SREE SAI SATHYAM,07/02/2011,15,2026-09-14,General Development,S Sree Sai Sathyam managed transitions between activities calmly and independently.
S SREE SAI SATHYAM,07/02/2011,15,2026-09-15,Communication,S Sree Sai Sathyam expressed a preference between two choices when asked.
S SREE SAI SATHYAM,07/02/2011,15,2026-09-15,Social Interaction,S Sree Sai Sathyam resolved a small disagreement with a peer calmly and with guidance.
S SREE SAI SATHYAM,07/02/2011,15,2026-09-15,Play,"S Sree Sai Sathyam engaged in cooperative play, taking turns leading the activity."
S SREE SAI SATHYAM,07/02/2011,15,2026-09-15,Motor Skills,S Sree Sai Sathyam used fine motor skills carefully while handling small objects.
S SREE SAI SATHYAM,07/02/2011,15,2026-09-15,General Development,S Sree Sai Sathyam showed good self-regulation when faced with a minor frustration.
S SREE SAI SATHYAM,07/02/2011,15,2026-09-16,Communication,S Sree Sai Sathyam recounted the sequence of an activity in the correct order.
S SREE SAI SATHYAM,07/02/2011,15,2026-09-16,Social Interaction,S Sree Sai Sathyam celebrated a peer's success and offered words of encouragement.
S SREE SAI SATHYAM,07/02/2011,15,2026-09-16,Play,S Sree Sai Sathyam displayed enjoyment and enthusiasm during outdoor play.
S SREE SAI SATHYAM,07/02/2011,15,2026-09-16,Motor Skills,S Sree Sai Sathyam maintained balance while walking along a line or beam.
S SREE SAI SATHYAM,07/02/2011,15,2026-09-16,General Development,S Sree Sai Sathyam completed a daily task independently with minimal guidance.
S SREE SAI SATHYAM,07/02/2011,15,2026-09-17,Communication,S Sree Sai Sathyam used new vocabulary correctly while explaining an idea to others.
S SREE SAI SATHYAM,07/02/2011,15,2026-09-17,Social Interaction,"S Sree Sai Sathyam participated actively in a group game, following the agreed rules."
S SREE SAI SATHYAM,07/02/2011,15,2026-09-17,Play,S Sree Sai Sathyam organized materials thoughtfully before beginning an activity.
S SREE SAI SATHYAM,07/02/2011,15,2026-09-17,Motor Skills,S Sree Sai Sathyam strung beads or threaded objects with good hand-eye coordination.
S SREE SAI SATHYAM,07/02/2011,15,2026-09-17,General Development,S Sree Sai Sathyam displayed a positive and cooperative attitude throughout the day.
S SREE SAI SATHYAM,07/02/2011,15,2026-09-18,Communication,S Sree Sai Sathyam asked for help using a complete sentence when facing a challenge.
S SREE SAI SATHYAM,07/02/2011,15,2026-09-18,Social Interaction,S Sree Sai Sathyam showed empathy by comforting someone who was upset.
S SREE SAI SATHYAM,07/02/2011,15,2026-09-18,Play,S Sree Sai Sathyam adapted play when a peer suggested a new idea.
S SREE SAI SATHYAM,07/02/2011,15,2026-09-18,Motor Skills,S Sree Sai Sathyam participated in a stretching or warm-up routine with correct form.
S SREE SAI SATHYAM,07/02/2011,15,2026-09-18,General Development,S Sree Sai Sathyam demonstrated an improved attention span during a focused task.
S SREE SAI SATHYAM,07/02/2011,15,2026-09-19,Communication,"S Sree Sai Sathyam participated in a group discussion, waiting for their turn to speak."
S SREE SAI SATHYAM,07/02/2011,15,2026-09-19,Social Interaction,S Sree Sai Sathyam waited patiently for their turn during a shared activity.
S SREE SAI SATHYAM,07/02/2011,15,2026-09-19,Play,S Sree Sai Sathyam explored a new activity independently with curiosity.
S SREE SAI SATHYAM,07/02/2011,15,2026-09-19,Motor Skills,S Sree Sai Sathyam poured liquid from one container to another with control.
S SREE SAI SATHYAM,07/02/2011,15,2026-09-19,General Development,S Sree Sai Sathyam took initiative to start a task without being prompted.
S SREE SAI SATHYAM,07/02/2011,15,2026-09-20,Communication,S Sree Sai Sathyam used gestures and words together to communicate a request effectively.
S SREE SAI SATHYAM,07/02/2011,15,2026-09-20,Social Interaction,S Sree Sai Sathyam complimented a peer's work and engaged in friendly conversation.
S SREE SAI SATHYAM,07/02/2011,15,2026-09-20,Play,S Sree Sai Sathyam transitioned smoothly between two different play activities.
S SREE SAI SATHYAM,07/02/2011,15,2026-09-20,Motor Skills,"S Sree Sai Sathyam ran, jumped, or climbed confidently during outdoor play."
S SREE SAI SATHYAM,07/02/2011,15,2026-09-20,General Development,S Sree Sai Sathyam reflected positively on their day when asked how it went.
P.YOGESH,04/08/2018,8,2026-09-07,Communication,P.Yogesh asked several questions and described what they were doing in complete sentences.
P.YOGESH,04/08/2018,8,2026-09-07,Social Interaction,P.Yogesh greeted peers warmly and initiated a short conversation before the activity began.
P.YOGESH,04/08/2018,8,2026-09-07,Play,P.Yogesh chose an activity independently and stayed engaged with it.
P.YOGESH,04/08/2018,8,2026-09-07,Motor Skills,P.Yogesh held a pencil or crayon with an appropriate grip while drawing.
P.YOGESH,04/08/2018,8,2026-09-07,General Development,P.Yogesh arrived ready for the day and settled into the routine smoothly.
P.YOGESH,04/08/2018,8,2026-09-08,Communication,P.Yogesh expressed a need clearly and waited patiently for a response.
P.YOGESH,04/08/2018,8,2026-09-08,Social Interaction,P.Yogesh took turns and shared materials with peers during a group activity.
P.YOGESH,04/08/2018,8,2026-09-08,Play,P.Yogesh used props creatively during pretend play with a peer.
P.YOGESH,04/08/2018,8,2026-09-08,Motor Skills,"P.Yogesh navigated the classroom space safely, avoiding obstacles."
P.YOGESH,04/08/2018,8,2026-09-08,General Development,P.Yogesh showed increasing independence in managing personal belongings.
P.YOGESH,04/08/2018,8,2026-09-09,Communication,P.Yogesh described a picture or object in detail using descriptive words.
P.YOGESH,04/08/2018,8,2026-09-09,Social Interaction,P.Yogesh worked alongside a peer on a shared task without conflict.
P.YOGESH,04/08/2018,8,2026-09-09,Play,"P.Yogesh engaged in imaginative play, creating a story around the activity."
P.YOGESH,04/08/2018,8,2026-09-09,Motor Skills,P.Yogesh threw and caught a ball with improving accuracy.
P.YOGESH,04/08/2018,8,2026-09-09,General Development,P.Yogesh adapted well to a small change in the daily schedule.
P.YOGESH,04/08/2018,8,2026-09-10,Communication,P.Yogesh followed a two-step verbal instruction without needing it repeated.
P.YOGESH,04/08/2018,8,2026-09-10,Social Interaction,P.Yogesh offered to help a classmate who was struggling with a task.
P.YOGESH,04/08/2018,8,2026-09-10,Play,P.Yogesh took on a role during group play and stayed in character.
P.YOGESH,04/08/2018,8,2026-09-10,Motor Skills,P.Yogesh showed good balance and coordination during physical activity.
P.YOGESH,04/08/2018,8,2026-09-10,General Development,P.Yogesh followed classroom routines with minimal reminders.
P.YOGESH,04/08/2018,8,2026-09-11,Communication,P.Yogesh initiated a conversation with a peer during free time.
P.YOGESH,04/08/2018,8,2026-09-11,Social Interaction,P.Yogesh joined an ongoing group activity smoothly and appropriately.
P.YOGESH,04/08/2018,8,2026-09-11,Play,P.Yogesh shared toys willingly during free play time.
P.YOGESH,04/08/2018,8,2026-09-11,Motor Skills,P.Yogesh used scissors carefully to cut along a line.
P.YOGESH,04/08/2018,8,2026-09-11,General Development,P.Yogesh showed overall steady progress and engagement in daily routines.
P.YOGESH,04/08/2018,8,2026-09-12,Communication,"P.Yogesh shared a story from earlier in the day, using clear and expressive language."
P.YOGESH,04/08/2018,8,2026-09-12,Social Interaction,P.Yogesh responded positively when a peer offered to share or help.
P.YOGESH,04/08/2018,8,2026-09-12,Play,P.Yogesh tried a new game and quickly understood the rules.
P.YOGESH,04/08/2018,8,2026-09-12,Motor Skills,P.Yogesh completed a hopping or jumping activity with steady rhythm.
P.YOGESH,04/08/2018,8,2026-09-12,General Development,P.Yogesh demonstrated growing confidence when trying a new task.
P.YOGESH,04/08/2018,8,2026-09-13,Communication,P.Yogesh answered questions about their day with relevant and organized responses.
P.YOGESH,04/08/2018,8,2026-09-13,Social Interaction,P.Yogesh invited others to join an activity and cooperated well throughout.
P.YOGESH,04/08/2018,8,2026-09-13,Play,P.Yogesh showed persistence while completing a challenging puzzle.
P.YOGESH,04/08/2018,8,2026-09-13,Motor Skills,P.Yogesh stacked or arranged small objects with a steady hand.
P.YOGESH,04/08/2018,8,2026-09-13,General Development,P.Yogesh stayed engaged and attentive throughout the session.
P.YOGESH,04/08/2018,8,2026-09-14,Communication,P.Yogesh used appropriate greetings and farewells with staff and peers.
P.YOGESH,04/08/2018,8,2026-09-14,Social Interaction,P.Yogesh maintained appropriate personal space and eye contact during interactions.
P.YOGESH,04/08/2018,8,2026-09-14,Play,P.Yogesh stayed focused on a building/construction activity for an extended time.
P.YOGESH,04/08/2018,8,2026-09-14,Motor Skills,P.Yogesh buttoned or zipped their own clothing without assistance.
P.YOGESH,04/08/2018,8,2026-09-14,General Development,P.Yogesh managed transitions between activities calmly and independently.
P.YOGESH,04/08/2018,8,2026-09-15,Communication,P.Yogesh expressed a preference between two choices when asked.
P.YOGESH,04/08/2018,8,2026-09-15,Social Interaction,P.Yogesh resolved a small disagreement with a peer calmly and with guidance.
P.YOGESH,04/08/2018,8,2026-09-15,Play,"P.Yogesh engaged in cooperative play, taking turns leading the activity."
P.YOGESH,04/08/2018,8,2026-09-15,Motor Skills,P.Yogesh used fine motor skills carefully while handling small objects.
P.YOGESH,04/08/2018,8,2026-09-15,General Development,P.Yogesh showed good self-regulation when faced with a minor frustration.
P.YOGESH,04/08/2018,8,2026-09-16,Communication,P.Yogesh recounted the sequence of an activity in the correct order.
P.YOGESH,04/08/2018,8,2026-09-16,Social Interaction,P.Yogesh celebrated a peer's success and offered words of encouragement.
P.YOGESH,04/08/2018,8,2026-09-16,Play,P.Yogesh displayed enjoyment and enthusiasm during outdoor play.
P.YOGESH,04/08/2018,8,2026-09-16,Motor Skills,P.Yogesh maintained balance while walking along a line or beam.
P.YOGESH,04/08/2018,8,2026-09-16,General Development,P.Yogesh completed a daily task independently with minimal guidance.
P.YOGESH,04/08/2018,8,2026-09-17,Communication,P.Yogesh used new vocabulary correctly while explaining an idea to others.
P.YOGESH,04/08/2018,8,2026-09-17,Social Interaction,"P.Yogesh participated actively in a group game, following the agreed rules."
P.YOGESH,04/08/2018,8,2026-09-17,Play,P.Yogesh organized materials thoughtfully before beginning an activity.
P.YOGESH,04/08/2018,8,2026-09-17,Motor Skills,P.Yogesh strung beads or threaded objects with good hand-eye coordination.
P.YOGESH,04/08/2018,8,2026-09-17,General Development,P.Yogesh displayed a positive and cooperative attitude throughout the day.
P.YOGESH,04/08/2018,8,2026-09-18,Communication,P.Yogesh asked for help using a complete sentence when facing a challenge.
P.YOGESH,04/08/2018,8,2026-09-18,Social Interaction,P.Yogesh showed empathy by comforting someone who was upset.
P.YOGESH,04/08/2018,8,2026-09-18,Play,P.Yogesh adapted play when a peer suggested a new idea.
P.YOGESH,04/08/2018,8,2026-09-18,Motor Skills,P.Yogesh participated in a stretching or warm-up routine with correct form.
P.YOGESH,04/08/2018,8,2026-09-18,General Development,P.Yogesh demonstrated an improved attention span during a focused task.
P.YOGESH,04/08/2018,8,2026-09-19,Communication,"P.Yogesh participated in a group discussion, waiting for their turn to speak."
P.YOGESH,04/08/2018,8,2026-09-19,Social Interaction,P.Yogesh waited patiently for their turn during a shared activity.
P.YOGESH,04/08/2018,8,2026-09-19,Play,P.Yogesh explored a new activity independently with curiosity.
P.YOGESH,04/08/2018,8,2026-09-19,Motor Skills,P.Yogesh poured liquid from one container to another with control.
P.YOGESH,04/08/2018,8,2026-09-19,General Development,P.Yogesh took initiative to start a task without being prompted.
P.YOGESH,04/08/2018,8,2026-09-20,Communication,P.Yogesh used gestures and words together to communicate a request effectively.
P.YOGESH,04/08/2018,8,2026-09-20,Social Interaction,P.Yogesh complimented a peer's work and engaged in friendly conversation.
P.YOGESH,04/08/2018,8,2026-09-20,Play,P.Yogesh transitioned smoothly between two different play activities.
P.YOGESH,04/08/2018,8,2026-09-20,Motor Skills,"P.Yogesh ran, jumped, or climbed confidently during outdoor play."
P.YOGESH,04/08/2018,8,2026-09-20,General Development,P.Yogesh reflected positively on their day when asked how it went.
R.SAMUDRA,27/03/2020,6,2026-09-07,Communication,R.Samudra asked several questions and described what they were doing in complete sentences.
R.SAMUDRA,27/03/2020,6,2026-09-07,Social Interaction,R.Samudra greeted peers warmly and initiated a short conversation before the activity began.
R.SAMUDRA,27/03/2020,6,2026-09-07,Play,R.Samudra chose an activity independently and stayed engaged with it.
R.SAMUDRA,27/03/2020,6,2026-09-07,Motor Skills,R.Samudra held a pencil or crayon with an appropriate grip while drawing.
R.SAMUDRA,27/03/2020,6,2026-09-07,General Development,R.Samudra arrived ready for the day and settled into the routine smoothly.
R.SAMUDRA,27/03/2020,6,2026-09-08,Communication,R.Samudra expressed a need clearly and waited patiently for a response.
R.SAMUDRA,27/03/2020,6,2026-09-08,Social Interaction,R.Samudra took turns and shared materials with peers during a group activity.
R.SAMUDRA,27/03/2020,6,2026-09-08,Play,R.Samudra used props creatively during pretend play with a peer.
R.SAMUDRA,27/03/2020,6,2026-09-08,Motor Skills,"R.Samudra navigated the classroom space safely, avoiding obstacles."
R.SAMUDRA,27/03/2020,6,2026-09-08,General Development,R.Samudra showed increasing independence in managing personal belongings.
R.SAMUDRA,27/03/2020,6,2026-09-09,Communication,R.Samudra described a picture or object in detail using descriptive words.
R.SAMUDRA,27/03/2020,6,2026-09-09,Social Interaction,R.Samudra worked alongside a peer on a shared task without conflict.
R.SAMUDRA,27/03/2020,6,2026-09-09,Play,"R.Samudra engaged in imaginative play, creating a story around the activity."
R.SAMUDRA,27/03/2020,6,2026-09-09,Motor Skills,R.Samudra threw and caught a ball with improving accuracy.
R.SAMUDRA,27/03/2020,6,2026-09-09,General Development,R.Samudra adapted well to a small change in the daily schedule.
R.SAMUDRA,27/03/2020,6,2026-09-10,Communication,R.Samudra followed a two-step verbal instruction without needing it repeated.
R.SAMUDRA,27/03/2020,6,2026-09-10,Social Interaction,R.Samudra offered to help a classmate who was struggling with a task.
R.SAMUDRA,27/03/2020,6,2026-09-10,Play,R.Samudra took on a role during group play and stayed in character.
R.SAMUDRA,27/03/2020,6,2026-09-10,Motor Skills,R.Samudra showed good balance and coordination during physical activity.
R.SAMUDRA,27/03/2020,6,2026-09-10,General Development,R.Samudra followed classroom routines with minimal reminders.
R.SAMUDRA,27/03/2020,6,2026-09-11,Communication,R.Samudra initiated a conversation with a peer during free time.
R.SAMUDRA,27/03/2020,6,2026-09-11,Social Interaction,R.Samudra joined an ongoing group activity smoothly and appropriately.
R.SAMUDRA,27/03/2020,6,2026-09-11,Play,R.Samudra shared toys willingly during free play time.
R.SAMUDRA,27/03/2020,6,2026-09-11,Motor Skills,R.Samudra used scissors carefully to cut along a line.
R.SAMUDRA,27/03/2020,6,2026-09-11,General Development,R.Samudra showed overall steady progress and engagement in daily routines.
R.SAMUDRA,27/03/2020,6,2026-09-12,Communication,"R.Samudra shared a story from earlier in the day, using clear and expressive language."
R.SAMUDRA,27/03/2020,6,2026-09-12,Social Interaction,R.Samudra responded positively when a peer offered to share or help.
R.SAMUDRA,27/03/2020,6,2026-09-12,Play,R.Samudra tried a new game and quickly understood the rules.
R.SAMUDRA,27/03/2020,6,2026-09-12,Motor Skills,R.Samudra completed a hopping or jumping activity with steady rhythm.
R.SAMUDRA,27/03/2020,6,2026-09-12,General Development,R.Samudra demonstrated growing confidence when trying a new task.
R.SAMUDRA,27/03/2020,6,2026-09-13,Communication,R.Samudra answered questions about their day with relevant and organized responses.
R.SAMUDRA,27/03/2020,6,2026-09-13,Social Interaction,R.Samudra invited others to join an activity and cooperated well throughout.
R.SAMUDRA,27/03/2020,6,2026-09-13,Play,R.Samudra showed persistence while completing a challenging puzzle.
R.SAMUDRA,27/03/2020,6,2026-09-13,Motor Skills,R.Samudra stacked or arranged small objects with a steady hand.
R.SAMUDRA,27/03/2020,6,2026-09-13,General Development,R.Samudra stayed engaged and attentive throughout the session.
R.SAMUDRA,27/03/2020,6,2026-09-14,Communication,R.Samudra used appropriate greetings and farewells with staff and peers.
R.SAMUDRA,27/03/2020,6,2026-09-14,Social Interaction,R.Samudra maintained appropriate personal space and eye contact during interactions.
R.SAMUDRA,27/03/2020,6,2026-09-14,Play,R.Samudra stayed focused on a building/construction activity for an extended time.
R.SAMUDRA,27/03/2020,6,2026-09-14,Motor Skills,R.Samudra buttoned or zipped their own clothing without assistance.
R.SAMUDRA,27/03/2020,6,2026-09-14,General Development,R.Samudra managed transitions between activities calmly and independently.
R.SAMUDRA,27/03/2020,6,2026-09-15,Communication,R.Samudra expressed a preference between two choices when asked.
R.SAMUDRA,27/03/2020,6,2026-09-15,Social Interaction,R.Samudra resolved a small disagreement with a peer calmly and with guidance.
R.SAMUDRA,27/03/2020,6,2026-09-15,Play,"R.Samudra engaged in cooperative play, taking turns leading the activity."
R.SAMUDRA,27/03/2020,6,2026-09-15,Motor Skills,R.Samudra used fine motor skills carefully while handling small objects.
R.SAMUDRA,27/03/2020,6,2026-09-15,General Development,R.Samudra showed good self-regulation when faced with a minor frustration.
R.SAMUDRA,27/03/2020,6,2026-09-16,Communication,R.Samudra recounted the sequence of an activity in the correct order.
R.SAMUDRA,27/03/2020,6,2026-09-16,Social Interaction,R.Samudra celebrated a peer's success and offered words of encouragement.
R.SAMUDRA,27/03/2020,6,2026-09-16,Play,R.Samudra displayed enjoyment and enthusiasm during outdoor play.
R.SAMUDRA,27/03/2020,6,2026-09-16,Motor Skills,R.Samudra maintained balance while walking along a line or beam.
R.SAMUDRA,27/03/2020,6,2026-09-16,General Development,R.Samudra completed a daily task independently with minimal guidance.
R.SAMUDRA,27/03/2020,6,2026-09-17,Communication,R.Samudra used new vocabulary correctly while explaining an idea to others.
R.SAMUDRA,27/03/2020,6,2026-09-17,Social Interaction,"R.Samudra participated actively in a group game, following the agreed rules."
R.SAMUDRA,27/03/2020,6,2026-09-17,Play,R.Samudra organized materials thoughtfully before beginning an activity.
R.SAMUDRA,27/03/2020,6,2026-09-17,Motor Skills,R.Samudra strung beads or threaded objects with good hand-eye coordination.
R.SAMUDRA,27/03/2020,6,2026-09-17,General Development,R.Samudra displayed a positive and cooperative attitude throughout the day.
R.SAMUDRA,27/03/2020,6,2026-09-18,Communication,R.Samudra asked for help using a complete sentence when facing a challenge.
R.SAMUDRA,27/03/2020,6,2026-09-18,Social Interaction,R.Samudra showed empathy by comforting someone who was upset.
R.SAMUDRA,27/03/2020,6,2026-09-18,Play,R.Samudra adapted play when a peer suggested a new idea.
R.SAMUDRA,27/03/2020,6,2026-09-18,Motor Skills,R.Samudra participated in a stretching or warm-up routine with correct form.
R.SAMUDRA,27/03/2020,6,2026-09-18,General Development,R.Samudra demonstrated an improved attention span during a focused task.
R.SAMUDRA,27/03/2020,6,2026-09-19,Communication,"R.Samudra participated in a group discussion, waiting for their turn to speak."
R.SAMUDRA,27/03/2020,6,2026-09-19,Social Interaction,R.Samudra waited patiently for their turn during a shared activity.
R.SAMUDRA,27/03/2020,6,2026-09-19,Play,R.Samudra explored a new activity independently with curiosity.
R.SAMUDRA,27/03/2020,6,2026-09-19,Motor Skills,R.Samudra poured liquid from one container to another with control.
R.SAMUDRA,27/03/2020,6,2026-09-19,General Development,R.Samudra took initiative to start a task without being prompted.
R.SAMUDRA,27/03/2020,6,2026-09-20,Communication,R.Samudra used gestures and words together to communicate a request effectively.
R.SAMUDRA,27/03/2020,6,2026-09-20,Social Interaction,R.Samudra complimented a peer's work and engaged in friendly conversation.
R.SAMUDRA,27/03/2020,6,2026-09-20,Play,R.Samudra transitioned smoothly between two different play activities.
R.SAMUDRA,27/03/2020,6,2026-09-20,Motor Skills,"R.Samudra ran, jumped, or climbed confidently during outdoor play."
R.SAMUDRA,27/03/2020,6,2026-09-20,General Development,R.Samudra reflected positively on their day when asked how it went.
G.A.HARSHAN,12/02/2019,7,2026-09-07,Communication,G.A.Harshan asked several questions and described what they were doing in complete sentences.
G.A.HARSHAN,12/02/2019,7,2026-09-07,Social Interaction,G.A.Harshan greeted peers warmly and initiated a short conversation before the activity began.
G.A.HARSHAN,12/02/2019,7,2026-09-07,Play,G.A.Harshan chose an activity independently and stayed engaged with it.
G.A.HARSHAN,12/02/2019,7,2026-09-07,Motor Skills,G.A.Harshan held a pencil or crayon with an appropriate grip while drawing.
G.A.HARSHAN,12/02/2019,7,2026-09-07,General Development,G.A.Harshan arrived ready for the day and settled into the routine smoothly.
G.A.HARSHAN,12/02/2019,7,2026-09-08,Communication,G.A.Harshan expressed a need clearly and waited patiently for a response.
G.A.HARSHAN,12/02/2019,7,2026-09-08,Social Interaction,G.A.Harshan took turns and shared materials with peers during a group activity.
G.A.HARSHAN,12/02/2019,7,2026-09-08,Play,G.A.Harshan used props creatively during pretend play with a peer.
G.A.HARSHAN,12/02/2019,7,2026-09-08,Motor Skills,"G.A.Harshan navigated the classroom space safely, avoiding obstacles."
G.A.HARSHAN,12/02/2019,7,2026-09-08,General Development,G.A.Harshan showed increasing independence in managing personal belongings.
G.A.HARSHAN,12/02/2019,7,2026-09-09,Communication,G.A.Harshan described a picture or object in detail using descriptive words.
G.A.HARSHAN,12/02/2019,7,2026-09-09,Social Interaction,G.A.Harshan worked alongside a peer on a shared task without conflict.
G.A.HARSHAN,12/02/2019,7,2026-09-09,Play,"G.A.Harshan engaged in imaginative play, creating a story around the activity."
G.A.HARSHAN,12/02/2019,7,2026-09-09,Motor Skills,G.A.Harshan threw and caught a ball with improving accuracy.
G.A.HARSHAN,12/02/2019,7,2026-09-09,General Development,G.A.Harshan adapted well to a small change in the daily schedule.
G.A.HARSHAN,12/02/2019,7,2026-09-10,Communication,G.A.Harshan followed a two-step verbal instruction without needing it repeated.
G.A.HARSHAN,12/02/2019,7,2026-09-10,Social Interaction,G.A.Harshan offered to help a classmate who was struggling with a task.
G.A.HARSHAN,12/02/2019,7,2026-09-10,Play,G.A.Harshan took on a role during group play and stayed in character.
G.A.HARSHAN,12/02/2019,7,2026-09-10,Motor Skills,G.A.Harshan showed good balance and coordination during physical activity.
G.A.HARSHAN,12/02/2019,7,2026-09-10,General Development,G.A.Harshan followed classroom routines with minimal reminders.
G.A.HARSHAN,12/02/2019,7,2026-09-11,Communication,G.A.Harshan initiated a conversation with a peer during free time.
G.A.HARSHAN,12/02/2019,7,2026-09-11,Social Interaction,G.A.Harshan joined an ongoing group activity smoothly and appropriately.
G.A.HARSHAN,12/02/2019,7,2026-09-11,Play,G.A.Harshan shared toys willingly during free play time.
G.A.HARSHAN,12/02/2019,7,2026-09-11,Motor Skills,G.A.Harshan used scissors carefully to cut along a line.
G.A.HARSHAN,12/02/2019,7,2026-09-11,General Development,G.A.Harshan showed overall steady progress and engagement in daily routines.
G.A.HARSHAN,12/02/2019,7,2026-09-12,Communication,"G.A.Harshan shared a story from earlier in the day, using clear and expressive language."
G.A.HARSHAN,12/02/2019,7,2026-09-12,Social Interaction,G.A.Harshan responded positively when a peer offered to share or help.
G.A.HARSHAN,12/02/2019,7,2026-09-12,Play,G.A.Harshan tried a new game and quickly understood the rules.
G.A.HARSHAN,12/02/2019,7,2026-09-12,Motor Skills,G.A.Harshan completed a hopping or jumping activity with steady rhythm.
G.A.HARSHAN,12/02/2019,7,2026-09-12,General Development,G.A.Harshan demonstrated growing confidence when trying a new task.
G.A.HARSHAN,12/02/2019,7,2026-09-13,Communication,G.A.Harshan answered questions about their day with relevant and organized responses.
G.A.HARSHAN,12/02/2019,7,2026-09-13,Social Interaction,G.A.Harshan invited others to join an activity and cooperated well throughout.
G.A.HARSHAN,12/02/2019,7,2026-09-13,Play,G.A.Harshan showed persistence while completing a challenging puzzle.
G.A.HARSHAN,12/02/2019,7,2026-09-13,Motor Skills,G.A.Harshan stacked or arranged small objects with a steady hand.
G.A.HARSHAN,12/02/2019,7,2026-09-13,General Development,G.A.Harshan stayed engaged and attentive throughout the session.
G.A.HARSHAN,12/02/2019,7,2026-09-14,Communication,G.A.Harshan used appropriate greetings and farewells with staff and peers.
G.A.HARSHAN,12/02/2019,7,2026-09-14,Social Interaction,G.A.Harshan maintained appropriate personal space and eye contact during interactions.
G.A.HARSHAN,12/02/2019,7,2026-09-14,Play,G.A.Harshan stayed focused on a building/construction activity for an extended time.
G.A.HARSHAN,12/02/2019,7,2026-09-14,Motor Skills,G.A.Harshan buttoned or zipped their own clothing without assistance.
G.A.HARSHAN,12/02/2019,7,2026-09-14,General Development,G.A.Harshan managed transitions between activities calmly and independently.
G.A.HARSHAN,12/02/2019,7,2026-09-15,Communication,G.A.Harshan expressed a preference between two choices when asked.
G.A.HARSHAN,12/02/2019,7,2026-09-15,Social Interaction,G.A.Harshan resolved a small disagreement with a peer calmly and with guidance.
G.A.HARSHAN,12/02/2019,7,2026-09-15,Play,"G.A.Harshan engaged in cooperative play, taking turns leading the activity."
G.A.HARSHAN,12/02/2019,7,2026-09-15,Motor Skills,G.A.Harshan used fine motor skills carefully while handling small objects.
G.A.HARSHAN,12/02/2019,7,2026-09-15,General Development,G.A.Harshan showed good self-regulation when faced with a minor frustration.
G.A.HARSHAN,12/02/2019,7,2026-09-16,Communication,G.A.Harshan recounted the sequence of an activity in the correct order.
G.A.HARSHAN,12/02/2019,7,2026-09-16,Social Interaction,G.A.Harshan celebrated a peer's success and offered words of encouragement.
G.A.HARSHAN,12/02/2019,7,2026-09-16,Play,G.A.Harshan displayed enjoyment and enthusiasm during outdoor play.
G.A.HARSHAN,12/02/2019,7,2026-09-16,Motor Skills,G.A.Harshan maintained balance while walking along a line or beam.
G.A.HARSHAN,12/02/2019,7,2026-09-16,General Development,G.A.Harshan completed a daily task independently with minimal guidance.
G.A.HARSHAN,12/02/2019,7,2026-09-17,Communication,G.A.Harshan used new vocabulary correctly while explaining an idea to others.
G.A.HARSHAN,12/02/2019,7,2026-09-17,Social Interaction,"G.A.Harshan participated actively in a group game, following the agreed rules."
G.A.HARSHAN,12/02/2019,7,2026-09-17,Play,G.A.Harshan organized materials thoughtfully before beginning an activity.
G.A.HARSHAN,12/02/2019,7,2026-09-17,Motor Skills,G.A.Harshan strung beads or threaded objects with good hand-eye coordination.
G.A.HARSHAN,12/02/2019,7,2026-09-17,General Development,G.A.Harshan displayed a positive and cooperative attitude throughout the day.
G.A.HARSHAN,12/02/2019,7,2026-09-18,Communication,G.A.Harshan asked for help using a complete sentence when facing a challenge.
G.A.HARSHAN,12/02/2019,7,2026-09-18,Social Interaction,G.A.Harshan showed empathy by comforting someone who was upset.
G.A.HARSHAN,12/02/2019,7,2026-09-18,Play,G.A.Harshan adapted play when a peer suggested a new idea.
G.A.HARSHAN,12/02/2019,7,2026-09-18,Motor Skills,G.A.Harshan participated in a stretching or warm-up routine with correct form.
G.A.HARSHAN,12/02/2019,7,2026-09-18,General Development,G.A.Harshan demonstrated an improved attention span during a focused task.
G.A.HARSHAN,12/02/2019,7,2026-09-19,Communication,"G.A.Harshan participated in a group discussion, waiting for their turn to speak."
G.A.HARSHAN,12/02/2019,7,2026-09-19,Social Interaction,G.A.Harshan waited patiently for their turn during a shared activity.
G.A.HARSHAN,12/02/2019,7,2026-09-19,Play,G.A.Harshan explored a new activity independently with curiosity.
G.A.HARSHAN,12/02/2019,7,2026-09-19,Motor Skills,G.A.Harshan poured liquid from one container to another with control.
G.A.HARSHAN,12/02/2019,7,2026-09-19,General Development,G.A.Harshan took initiative to start a task without being prompted.
G.A.HARSHAN,12/02/2019,7,2026-09-20,Communication,G.A.Harshan used gestures and words together to communicate a request effectively.
G.A.HARSHAN,12/02/2019,7,2026-09-20,Social Interaction,G.A.Harshan complimented a peer's work and engaged in friendly conversation.
G.A.HARSHAN,12/02/2019,7,2026-09-20,Play,G.A.Harshan transitioned smoothly between two different play activities.
G.A.HARSHAN,12/02/2019,7,2026-09-20,Motor Skills,"G.A.Harshan ran, jumped, or climbed confidently during outdoor play."
G.A.HARSHAN,12/02/2019,7,2026-09-20,General Development,G.A.Harshan reflected positively on their day when asked how it went.
A.J.RIYAN RIDHWAN,02/03/2018,8,2026-09-07,Communication,A.J.Riyan Ridhwan asked several questions and described what they were doing in complete sentences.
A.J.RIYAN RIDHWAN,02/03/2018,8,2026-09-07,Social Interaction,A.J.Riyan Ridhwan greeted peers warmly and initiated a short conversation before the activity began.
A.J.RIYAN RIDHWAN,02/03/2018,8,2026-09-07,Play,A.J.Riyan Ridhwan chose an activity independently and stayed engaged with it.
A.J.RIYAN RIDHWAN,02/03/2018,8,2026-09-07,Motor Skills,A.J.Riyan Ridhwan held a pencil or crayon with an appropriate grip while drawing.
A.J.RIYAN RIDHWAN,02/03/2018,8,2026-09-07,General Development,A.J.Riyan Ridhwan arrived ready for the day and settled into the routine smoothly.
A.J.RIYAN RIDHWAN,02/03/2018,8,2026-09-08,Communication,A.J.Riyan Ridhwan expressed a need clearly and waited patiently for a response.
A.J.RIYAN RIDHWAN,02/03/2018,8,2026-09-08,Social Interaction,A.J.Riyan Ridhwan took turns and shared materials with peers during a group activity.
A.J.RIYAN RIDHWAN,02/03/2018,8,2026-09-08,Play,A.J.Riyan Ridhwan used props creatively during pretend play with a peer.
A.J.RIYAN RIDHWAN,02/03/2018,8,2026-09-08,Motor Skills,"A.J.Riyan Ridhwan navigated the classroom space safely, avoiding obstacles."
A.J.RIYAN RIDHWAN,02/03/2018,8,2026-09-08,General Development,A.J.Riyan Ridhwan showed increasing independence in managing personal belongings.
A.J.RIYAN RIDHWAN,02/03/2018,8,2026-09-09,Communication,A.J.Riyan Ridhwan described a picture or object in detail using descriptive words.
A.J.RIYAN RIDHWAN,02/03/2018,8,2026-09-09,Social Interaction,A.J.Riyan Ridhwan worked alongside a peer on a shared task without conflict.
A.J.RIYAN RIDHWAN,02/03/2018,8,2026-09-09,Play,"A.J.Riyan Ridhwan engaged in imaginative play, creating a story around the activity."
A.J.RIYAN RIDHWAN,02/03/2018,8,2026-09-09,Motor Skills,A.J.Riyan Ridhwan threw and caught a ball with improving accuracy.
A.J.RIYAN RIDHWAN,02/03/2018,8,2026-09-09,General Development,A.J.Riyan Ridhwan adapted well to a small change in the daily schedule.
A.J.RIYAN RIDHWAN,02/03/2018,8,2026-09-10,Communication,A.J.Riyan Ridhwan followed a two-step verbal instruction without needing it repeated.
A.J.RIYAN RIDHWAN,02/03/2018,8,2026-09-10,Social Interaction,A.J.Riyan Ridhwan offered to help a classmate who was struggling with a task.
A.J.RIYAN RIDHWAN,02/03/2018,8,2026-09-10,Play,A.J.Riyan Ridhwan took on a role during group play and stayed in character.
A.J.RIYAN RIDHWAN,02/03/2018,8,2026-09-10,Motor Skills,A.J.Riyan Ridhwan showed good balance and coordination during physical activity.
A.J.RIYAN RIDHWAN,02/03/2018,8,2026-09-10,General Development,A.J.Riyan Ridhwan followed classroom routines with minimal reminders.
A.J.RIYAN RIDHWAN,02/03/2018,8,2026-09-11,Communication,A.J.Riyan Ridhwan initiated a conversation with a peer during free time.
A.J.RIYAN RIDHWAN,02/03/2018,8,2026-09-11,Social Interaction,A.J.Riyan Ridhwan joined an ongoing group activity smoothly and appropriately.
A.J.RIYAN RIDHWAN,02/03/2018,8,2026-09-11,Play,A.J.Riyan Ridhwan shared toys willingly during free play time.
A.J.RIYAN RIDHWAN,02/03/2018,8,2026-09-11,Motor Skills,A.J.Riyan Ridhwan used scissors carefully to cut along a line.
A.J.RIYAN RIDHWAN,02/03/2018,8,2026-09-11,General Development,A.J.Riyan Ridhwan showed overall steady progress and engagement in daily routines.
A.J.RIYAN RIDHWAN,02/03/2018,8,2026-09-12,Communication,"A.J.Riyan Ridhwan shared a story from earlier in the day, using clear and expressive language."
A.J.RIYAN RIDHWAN,02/03/2018,8,2026-09-12,Social Interaction,A.J.Riyan Ridhwan responded positively when a peer offered to share or help.
A.J.RIYAN RIDHWAN,02/03/2018,8,2026-09-12,Play,A.J.Riyan Ridhwan tried a new game and quickly understood the rules.
A.J.RIYAN RIDHWAN,02/03/2018,8,2026-09-12,Motor Skills,A.J.Riyan Ridhwan completed a hopping or jumping activity with steady rhythm.
A.J.RIYAN RIDHWAN,02/03/2018,8,2026-09-12,General Development,A.J.Riyan Ridhwan demonstrated growing confidence when trying a new task.
A.J.RIYAN RIDHWAN,02/03/2018,8,2026-09-13,Communication,A.J.Riyan Ridhwan answered questions about their day with relevant and organized responses.
A.J.RIYAN RIDHWAN,02/03/2018,8,2026-09-13,Social Interaction,A.J.Riyan Ridhwan invited others to join an activity and cooperated well throughout.
A.J.RIYAN RIDHWAN,02/03/2018,8,2026-09-13,Play,A.J.Riyan Ridhwan showed persistence while completing a challenging puzzle.
A.J.RIYAN RIDHWAN,02/03/2018,8,2026-09-13,Motor Skills,A.J.Riyan Ridhwan stacked or arranged small objects with a steady hand.
A.J.RIYAN RIDHWAN,02/03/2018,8,2026-09-13,General Development,A.J.Riyan Ridhwan stayed engaged and attentive throughout the session.
A.J.RIYAN RIDHWAN,02/03/2018,8,2026-09-14,Communication,A.J.Riyan Ridhwan used appropriate greetings and farewells with staff and peers.
A.J.RIYAN RIDHWAN,02/03/2018,8,2026-09-14,Social Interaction,A.J.Riyan Ridhwan maintained appropriate personal space and eye contact during interactions.
A.J.RIYAN RIDHWAN,02/03/2018,8,2026-09-14,Play,A.J.Riyan Ridhwan stayed focused on a building/construction activity for an extended time.
A.J.RIYAN RIDHWAN,02/03/2018,8,2026-09-14,Motor Skills,A.J.Riyan Ridhwan buttoned or zipped their own clothing without assistance.
A.J.RIYAN RIDHWAN,02/03/2018,8,2026-09-14,General Development,A.J.Riyan Ridhwan managed transitions between activities calmly and independently.
A.J.RIYAN RIDHWAN,02/03/2018,8,2026-09-15,Communication,A.J.Riyan Ridhwan expressed a preference between two choices when asked.
A.J.RIYAN RIDHWAN,02/03/2018,8,2026-09-15,Social Interaction,A.J.Riyan Ridhwan resolved a small disagreement with a peer calmly and with guidance.
A.J.RIYAN RIDHWAN,02/03/2018,8,2026-09-15,Play,"A.J.Riyan Ridhwan engaged in cooperative play, taking turns leading the activity."
A.J.RIYAN RIDHWAN,02/03/2018,8,2026-09-15,Motor Skills,A.J.Riyan Ridhwan used fine motor skills carefully while handling small objects.
A.J.RIYAN RIDHWAN,02/03/2018,8,2026-09-15,General Development,A.J.Riyan Ridhwan showed good self-regulation when faced with a minor frustration.
A.J.RIYAN RIDHWAN,02/03/2018,8,2026-09-16,Communication,A.J.Riyan Ridhwan recounted the sequence of an activity in the correct order.
A.J.RIYAN RIDHWAN,02/03/2018,8,2026-09-16,Social Interaction,A.J.Riyan Ridhwan celebrated a peer's success and offered words of encouragement.
A.J.RIYAN RIDHWAN,02/03/2018,8,2026-09-16,Play,A.J.Riyan Ridhwan displayed enjoyment and enthusiasm during outdoor play.
A.J.RIYAN RIDHWAN,02/03/2018,8,2026-09-16,Motor Skills,A.J.Riyan Ridhwan maintained balance while walking along a line or beam.
A.J.RIYAN RIDHWAN,02/03/2018,8,2026-09-16,General Development,A.J.Riyan Ridhwan completed a daily task independently with minimal guidance.
A.J.RIYAN RIDHWAN,02/03/2018,8,2026-09-17,Communication,A.J.Riyan Ridhwan used new vocabulary correctly while explaining an idea to others.
A.J.RIYAN RIDHWAN,02/03/2018,8,2026-09-17,Social Interaction,"A.J.Riyan Ridhwan participated actively in a group game, following the agreed rules."
A.J.RIYAN RIDHWAN,02/03/2018,8,2026-09-17,Play,A.J.Riyan Ridhwan organized materials thoughtfully before beginning an activity.
A.J.RIYAN RIDHWAN,02/03/2018,8,2026-09-17,Motor Skills,A.J.Riyan Ridhwan strung beads or threaded objects with good hand-eye coordination.
A.J.RIYAN RIDHWAN,02/03/2018,8,2026-09-17,General Development,A.J.Riyan Ridhwan displayed a positive and cooperative attitude throughout the day.
A.J.RIYAN RIDHWAN,02/03/2018,8,2026-09-18,Communication,A.J.Riyan Ridhwan asked for help using a complete sentence when facing a challenge.
A.J.RIYAN RIDHWAN,02/03/2018,8,2026-09-18,Social Interaction,A.J.Riyan Ridhwan showed empathy by comforting someone who was upset.
A.J.RIYAN RIDHWAN,02/03/2018,8,2026-09-18,Play,A.J.Riyan Ridhwan adapted play when a peer suggested a new idea.
A.J.RIYAN RIDHWAN,02/03/2018,8,2026-09-18,Motor Skills,A.J.Riyan Ridhwan participated in a stretching or warm-up routine with correct form.
A.J.RIYAN RIDHWAN,02/03/2018,8,2026-09-18,General Development,A.J.Riyan Ridhwan demonstrated an improved attention span during a focused task.
A.J.RIYAN RIDHWAN,02/03/2018,8,2026-09-19,Communication,"A.J.Riyan Ridhwan participated in a group discussion, waiting for their turn to speak."
A.J.RIYAN RIDHWAN,02/03/2018,8,2026-09-19,Social Interaction,A.J.Riyan Ridhwan waited patiently for their turn during a shared activity.
A.J.RIYAN RIDHWAN,02/03/2018,8,2026-09-19,Play,A.J.Riyan Ridhwan explored a new activity independently with curiosity.
A.J.RIYAN RIDHWAN,02/03/2018,8,2026-09-19,Motor Skills,A.J.Riyan Ridhwan poured liquid from one container to another with control.
A.J.RIYAN RIDHWAN,02/03/2018,8,2026-09-19,General Development,A.J.Riyan Ridhwan took initiative to start a task without being prompted.
A.J.RIYAN RIDHWAN,02/03/2018,8,2026-09-20,Communication,A.J.Riyan Ridhwan used gestures and words together to communicate a request effectively.
A.J.RIYAN RIDHWAN,02/03/2018,8,2026-09-20,Social Interaction,A.J.Riyan Ridhwan complimented a peer's work and engaged in friendly conversation.
A.J.RIYAN RIDHWAN,02/03/2018,8,2026-09-20,Play,A.J.Riyan Ridhwan transitioned smoothly between two different play activities.
A.J.RIYAN RIDHWAN,02/03/2018,8,2026-09-20,Motor Skills,"A.J.Riyan Ridhwan ran, jumped, or climbed confidently during outdoor play."
A.J.RIYAN RIDHWAN,02/03/2018,8,2026-09-20,General Development,A.J.Riyan Ridhwan reflected positively on their day when asked how it went.
M.NITHIN,29/05/2018,8,2026-09-07,Communication,M.Nithin asked several questions and described what they were doing in complete sentences.
M.NITHIN,29/05/2018,8,2026-09-07,Social Interaction,M.Nithin greeted peers warmly and initiated a short conversation before the activity began.
M.NITHIN,29/05/2018,8,2026-09-07,Play,M.Nithin chose an activity independently and stayed engaged with it.
M.NITHIN,29/05/2018,8,2026-09-07,Motor Skills,M.Nithin held a pencil or crayon with an appropriate grip while drawing.
M.NITHIN,29/05/2018,8,2026-09-07,General Development,M.Nithin arrived ready for the day and settled into the routine smoothly.
M.NITHIN,29/05/2018,8,2026-09-08,Communication,M.Nithin expressed a need clearly and waited patiently for a response.
M.NITHIN,29/05/2018,8,2026-09-08,Social Interaction,M.Nithin took turns and shared materials with peers during a group activity.
M.NITHIN,29/05/2018,8,2026-09-08,Play,M.Nithin used props creatively during pretend play with a peer.
M.NITHIN,29/05/2018,8,2026-09-08,Motor Skills,"M.Nithin navigated the classroom space safely, avoiding obstacles."
M.NITHIN,29/05/2018,8,2026-09-08,General Development,M.Nithin showed increasing independence in managing personal belongings.
M.NITHIN,29/05/2018,8,2026-09-09,Communication,M.Nithin described a picture or object in detail using descriptive words.
M.NITHIN,29/05/2018,8,2026-09-09,Social Interaction,M.Nithin worked alongside a peer on a shared task without conflict.
M.NITHIN,29/05/2018,8,2026-09-09,Play,"M.Nithin engaged in imaginative play, creating a story around the activity."
M.NITHIN,29/05/2018,8,2026-09-09,Motor Skills,M.Nithin threw and caught a ball with improving accuracy.
M.NITHIN,29/05/2018,8,2026-09-09,General Development,M.Nithin adapted well to a small change in the daily schedule.
M.NITHIN,29/05/2018,8,2026-09-10,Communication,M.Nithin followed a two-step verbal instruction without needing it repeated.
M.NITHIN,29/05/2018,8,2026-09-10,Social Interaction,M.Nithin offered to help a classmate who was struggling with a task.
M.NITHIN,29/05/2018,8,2026-09-10,Play,M.Nithin took on a role during group play and stayed in character.
M.NITHIN,29/05/2018,8,2026-09-10,Motor Skills,M.Nithin showed good balance and coordination during physical activity.
M.NITHIN,29/05/2018,8,2026-09-10,General Development,M.Nithin followed classroom routines with minimal reminders.
M.NITHIN,29/05/2018,8,2026-09-11,Communication,M.Nithin initiated a conversation with a peer during free time.
M.NITHIN,29/05/2018,8,2026-09-11,Social Interaction,M.Nithin joined an ongoing group activity smoothly and appropriately.
M.NITHIN,29/05/2018,8,2026-09-11,Play,M.Nithin shared toys willingly during free play time.
M.NITHIN,29/05/2018,8,2026-09-11,Motor Skills,M.Nithin used scissors carefully to cut along a line.
M.NITHIN,29/05/2018,8,2026-09-11,General Development,M.Nithin showed overall steady progress and engagement in daily routines.
M.NITHIN,29/05/2018,8,2026-09-12,Communication,"M.Nithin shared a story from earlier in the day, using clear and expressive language."
M.NITHIN,29/05/2018,8,2026-09-12,Social Interaction,M.Nithin responded positively when a peer offered to share or help.
M.NITHIN,29/05/2018,8,2026-09-12,Play,M.Nithin tried a new game and quickly understood the rules.
M.NITHIN,29/05/2018,8,2026-09-12,Motor Skills,M.Nithin completed a hopping or jumping activity with steady rhythm.
M.NITHIN,29/05/2018,8,2026-09-12,General Development,M.Nithin demonstrated growing confidence when trying a new task.
M.NITHIN,29/05/2018,8,2026-09-13,Communication,M.Nithin answered questions about their day with relevant and organized responses.
M.NITHIN,29/05/2018,8,2026-09-13,Social Interaction,M.Nithin invited others to join an activity and cooperated well throughout.
M.NITHIN,29/05/2018,8,2026-09-13,Play,M.Nithin showed persistence while completing a challenging puzzle.
M.NITHIN,29/05/2018,8,2026-09-13,Motor Skills,M.Nithin stacked or arranged small objects with a steady hand.
M.NITHIN,29/05/2018,8,2026-09-13,General Development,M.Nithin stayed engaged and attentive throughout the session.
M.NITHIN,29/05/2018,8,2026-09-14,Communication,M.Nithin used appropriate greetings and farewells with staff and peers.
M.NITHIN,29/05/2018,8,2026-09-14,Social Interaction,M.Nithin maintained appropriate personal space and eye contact during interactions.
M.NITHIN,29/05/2018,8,2026-09-14,Play,M.Nithin stayed focused on a building/construction activity for an extended time.
M.NITHIN,29/05/2018,8,2026-09-14,Motor Skills,M.Nithin buttoned or zipped their own clothing without assistance.
M.NITHIN,29/05/2018,8,2026-09-14,General Development,M.Nithin managed transitions between activities calmly and independently.
M.NITHIN,29/05/2018,8,2026-09-15,Communication,M.Nithin expressed a preference between two choices when asked.
M.NITHIN,29/05/2018,8,2026-09-15,Social Interaction,M.Nithin resolved a small disagreement with a peer calmly and with guidance.
M.NITHIN,29/05/2018,8,2026-09-15,Play,"M.Nithin engaged in cooperative play, taking turns leading the activity."
M.NITHIN,29/05/2018,8,2026-09-15,Motor Skills,M.Nithin used fine motor skills carefully while handling small objects.
M.NITHIN,29/05/2018,8,2026-09-15,General Development,M.Nithin showed good self-regulation when faced with a minor frustration.
M.NITHIN,29/05/2018,8,2026-09-16,Communication,M.Nithin recounted the sequence of an activity in the correct order.
M.NITHIN,29/05/2018,8,2026-09-16,Social Interaction,M.Nithin celebrated a peer's success and offered words of encouragement.
M.NITHIN,29/05/2018,8,2026-09-16,Play,M.Nithin displayed enjoyment and enthusiasm during outdoor play.
M.NITHIN,29/05/2018,8,2026-09-16,Motor Skills,M.Nithin maintained balance while walking along a line or beam.
M.NITHIN,29/05/2018,8,2026-09-16,General Development,M.Nithin completed a daily task independently with minimal guidance.
M.NITHIN,29/05/2018,8,2026-09-17,Communication,M.Nithin used new vocabulary correctly while explaining an idea to others.
M.NITHIN,29/05/2018,8,2026-09-17,Social Interaction,"M.Nithin participated actively in a group game, following the agreed rules."
M.NITHIN,29/05/2018,8,2026-09-17,Play,M.Nithin organized materials thoughtfully before beginning an activity.
M.NITHIN,29/05/2018,8,2026-09-17,Motor Skills,M.Nithin strung beads or threaded objects with good hand-eye coordination.
M.NITHIN,29/05/2018,8,2026-09-17,General Development,M.Nithin displayed a positive and cooperative attitude throughout the day.
M.NITHIN,29/05/2018,8,2026-09-18,Communication,M.Nithin asked for help using a complete sentence when facing a challenge.
M.NITHIN,29/05/2018,8,2026-09-18,Social Interaction,M.Nithin showed empathy by comforting someone who was upset.
M.NITHIN,29/05/2018,8,2026-09-18,Play,M.Nithin adapted play when a peer suggested a new idea.
M.NITHIN,29/05/2018,8,2026-09-18,Motor Skills,M.Nithin participated in a stretching or warm-up routine with correct form.
M.NITHIN,29/05/2018,8,2026-09-18,General Development,M.Nithin demonstrated an improved attention span during a focused task.
M.NITHIN,29/05/2018,8,2026-09-19,Communication,"M.Nithin participated in a group discussion, waiting for their turn to speak."
M.NITHIN,29/05/2018,8,2026-09-19,Social Interaction,M.Nithin waited patiently for their turn during a shared activity.
M.NITHIN,29/05/2018,8,2026-09-19,Play,M.Nithin explored a new activity independently with curiosity.
M.NITHIN,29/05/2018,8,2026-09-19,Motor Skills,M.Nithin poured liquid from one container to another with control.
M.NITHIN,29/05/2018,8,2026-09-19,General Development,M.Nithin took initiative to start a task without being prompted.
M.NITHIN,29/05/2018,8,2026-09-20,Communication,M.Nithin used gestures and words together to communicate a request effectively.
M.NITHIN,29/05/2018,8,2026-09-20,Social Interaction,M.Nithin complimented a peer's work and engaged in friendly conversation.
M.NITHIN,29/05/2018,8,2026-09-20,Play,M.Nithin transitioned smoothly between two different play activities.
M.NITHIN,29/05/2018,8,2026-09-20,Motor Skills,"M.Nithin ran, jumped, or climbed confidently during outdoor play."
M.NITHIN,29/05/2018,8,2026-09-20,General Development,M.Nithin reflected positively on their day when asked how it went.
JORDEN SAM,04/02/2022,4,2026-09-07,Communication,Jorden Sam asked several questions and described what they were doing in complete sentences.
JORDEN SAM,04/02/2022,4,2026-09-07,Social Interaction,Jorden Sam greeted peers warmly and initiated a short conversation before the activity began.
JORDEN SAM,04/02/2022,4,2026-09-07,Play,Jorden Sam chose an activity independently and stayed engaged with it.
JORDEN SAM,04/02/2022,4,2026-09-07,Motor Skills,Jorden Sam held a pencil or crayon with an appropriate grip while drawing.
JORDEN SAM,04/02/2022,4,2026-09-07,General Development,Jorden Sam arrived ready for the day and settled into the routine smoothly.
JORDEN SAM,04/02/2022,4,2026-09-08,Communication,Jorden Sam expressed a need clearly and waited patiently for a response.
JORDEN SAM,04/02/2022,4,2026-09-08,Social Interaction,Jorden Sam took turns and shared materials with peers during a group activity.
JORDEN SAM,04/02/2022,4,2026-09-08,Play,Jorden Sam used props creatively during pretend play with a peer.
JORDEN SAM,04/02/2022,4,2026-09-08,Motor Skills,"Jorden Sam navigated the classroom space safely, avoiding obstacles."
JORDEN SAM,04/02/2022,4,2026-09-08,General Development,Jorden Sam showed increasing independence in managing personal belongings.
JORDEN SAM,04/02/2022,4,2026-09-09,Communication,Jorden Sam described a picture or object in detail using descriptive words.
JORDEN SAM,04/02/2022,4,2026-09-09,Social Interaction,Jorden Sam worked alongside a peer on a shared task without conflict.
JORDEN SAM,04/02/2022,4,2026-09-09,Play,"Jorden Sam engaged in imaginative play, creating a story around the activity."
JORDEN SAM,04/02/2022,4,2026-09-09,Motor Skills,Jorden Sam threw and caught a ball with improving accuracy.
JORDEN SAM,04/02/2022,4,2026-09-09,General Development,Jorden Sam adapted well to a small change in the daily schedule.
JORDEN SAM,04/02/2022,4,2026-09-10,Communication,Jorden Sam followed a two-step verbal instruction without needing it repeated.
JORDEN SAM,04/02/2022,4,2026-09-10,Social Interaction,Jorden Sam offered to help a classmate who was struggling with a task.
JORDEN SAM,04/02/2022,4,2026-09-10,Play,Jorden Sam took on a role during group play and stayed in character.
JORDEN SAM,04/02/2022,4,2026-09-10,Motor Skills,Jorden Sam showed good balance and coordination during physical activity.
JORDEN SAM,04/02/2022,4,2026-09-10,General Development,Jorden Sam followed classroom routines with minimal reminders.
JORDEN SAM,04/02/2022,4,2026-09-11,Communication,Jorden Sam initiated a conversation with a peer during free time.
JORDEN SAM,04/02/2022,4,2026-09-11,Social Interaction,Jorden Sam joined an ongoing group activity smoothly and appropriately.
JORDEN SAM,04/02/2022,4,2026-09-11,Play,Jorden Sam shared toys willingly during free play time.
JORDEN SAM,04/02/2022,4,2026-09-11,Motor Skills,Jorden Sam used scissors carefully to cut along a line.
JORDEN SAM,04/02/2022,4,2026-09-11,General Development,Jorden Sam showed overall steady progress and engagement in daily routines.
JORDEN SAM,04/02/2022,4,2026-09-12,Communication,"Jorden Sam shared a story from earlier in the day, using clear and expressive language."
JORDEN SAM,04/02/2022,4,2026-09-12,Social Interaction,Jorden Sam responded positively when a peer offered to share or help.
JORDEN SAM,04/02/2022,4,2026-09-12,Play,Jorden Sam tried a new game and quickly understood the rules.
JORDEN SAM,04/02/2022,4,2026-09-12,Motor Skills,Jorden Sam completed a hopping or jumping activity with steady rhythm.
JORDEN SAM,04/02/2022,4,2026-09-12,General Development,Jorden Sam demonstrated growing confidence when trying a new task.
JORDEN SAM,04/02/2022,4,2026-09-13,Communication,Jorden Sam answered questions about their day with relevant and organized responses.
JORDEN SAM,04/02/2022,4,2026-09-13,Social Interaction,Jorden Sam invited others to join an activity and cooperated well throughout.
JORDEN SAM,04/02/2022,4,2026-09-13,Play,Jorden Sam showed persistence while completing a challenging puzzle.
JORDEN SAM,04/02/2022,4,2026-09-13,Motor Skills,Jorden Sam stacked or arranged small objects with a steady hand.
JORDEN SAM,04/02/2022,4,2026-09-13,General Development,Jorden Sam stayed engaged and attentive throughout the session.
JORDEN SAM,04/02/2022,4,2026-09-14,Communication,Jorden Sam used appropriate greetings and farewells with staff and peers.
JORDEN SAM,04/02/2022,4,2026-09-14,Social Interaction,Jorden Sam maintained appropriate personal space and eye contact during interactions.
JORDEN SAM,04/02/2022,4,2026-09-14,Play,Jorden Sam stayed focused on a building/construction activity for an extended time.
JORDEN SAM,04/02/2022,4,2026-09-14,Motor Skills,Jorden Sam buttoned or zipped their own clothing without assistance.
JORDEN SAM,04/02/2022,4,2026-09-14,General Development,Jorden Sam managed transitions between activities calmly and independently.
JORDEN SAM,04/02/2022,4,2026-09-15,Communication,Jorden Sam expressed a preference between two choices when asked.
JORDEN SAM,04/02/2022,4,2026-09-15,Social Interaction,Jorden Sam resolved a small disagreement with a peer calmly and with guidance.
JORDEN SAM,04/02/2022,4,2026-09-15,Play,"Jorden Sam engaged in cooperative play, taking turns leading the activity."
JORDEN SAM,04/02/2022,4,2026-09-15,Motor Skills,Jorden Sam used fine motor skills carefully while handling small objects.
JORDEN SAM,04/02/2022,4,2026-09-15,General Development,Jorden Sam showed good self-regulation when faced with a minor frustration.
JORDEN SAM,04/02/2022,4,2026-09-16,Communication,Jorden Sam recounted the sequence of an activity in the correct order.
JORDEN SAM,04/02/2022,4,2026-09-16,Social Interaction,Jorden Sam celebrated a peer's success and offered words of encouragement.
JORDEN SAM,04/02/2022,4,2026-09-16,Play,Jorden Sam displayed enjoyment and enthusiasm during outdoor play.
JORDEN SAM,04/02/2022,4,2026-09-16,Motor Skills,Jorden Sam maintained balance while walking along a line or beam.
JORDEN SAM,04/02/2022,4,2026-09-16,General Development,Jorden Sam completed a daily task independently with minimal guidance.
JORDEN SAM,04/02/2022,4,2026-09-17,Communication,Jorden Sam used new vocabulary correctly while explaining an idea to others.
JORDEN SAM,04/02/2022,4,2026-09-17,Social Interaction,"Jorden Sam participated actively in a group game, following the agreed rules."
JORDEN SAM,04/02/2022,4,2026-09-17,Play,Jorden Sam organized materials thoughtfully before beginning an activity.
JORDEN SAM,04/02/2022,4,2026-09-17,Motor Skills,Jorden Sam strung beads or threaded objects with good hand-eye coordination.
JORDEN SAM,04/02/2022,4,2026-09-17,General Development,Jorden Sam displayed a positive and cooperative attitude throughout the day.
JORDEN SAM,04/02/2022,4,2026-09-18,Communication,Jorden Sam asked for help using a complete sentence when facing a challenge.
JORDEN SAM,04/02/2022,4,2026-09-18,Social Interaction,Jorden Sam showed empathy by comforting someone who was upset.
JORDEN SAM,04/02/2022,4,2026-09-18,Play,Jorden Sam adapted play when a peer suggested a new idea.
JORDEN SAM,04/02/2022,4,2026-09-18,Motor Skills,Jorden Sam participated in a stretching or warm-up routine with correct form.
JORDEN SAM,04/02/2022,4,2026-09-18,General Development,Jorden Sam demonstrated an improved attention span during a focused task.
JORDEN SAM,04/02/2022,4,2026-09-19,Communication,"Jorden Sam participated in a group discussion, waiting for their turn to speak."
JORDEN SAM,04/02/2022,4,2026-09-19,Social Interaction,Jorden Sam waited patiently for their turn during a shared activity.
JORDEN SAM,04/02/2022,4,2026-09-19,Play,Jorden Sam explored a new activity independently with curiosity.
JORDEN SAM,04/02/2022,4,2026-09-19,Motor Skills,Jorden Sam poured liquid from one container to another with control.
JORDEN SAM,04/02/2022,4,2026-09-19,General Development,Jorden Sam took initiative to start a task without being prompted.
JORDEN SAM,04/02/2022,4,2026-09-20,Communication,Jorden Sam used gestures and words together to communicate a request effectively.
JORDEN SAM,04/02/2022,4,2026-09-20,Social Interaction,Jorden Sam complimented a peer's work and engaged in friendly conversation.
JORDEN SAM,04/02/2022,4,2026-09-20,Play,Jorden Sam transitioned smoothly between two different play activities.
JORDEN SAM,04/02/2022,4,2026-09-20,Motor Skills,"Jorden Sam ran, jumped, or climbed confidently during outdoor play."
JORDEN SAM,04/02/2022,4,2026-09-20,General Development,Jorden Sam reflected positively on their day when asked how it went.
R.HASHIKA,12/12/2003,22,2026-09-07,Communication,R.Hashika asked several questions and described what they were doing in complete sentences.
R.HASHIKA,12/12/2003,22,2026-09-07,Social Interaction,R.Hashika greeted peers warmly and initiated a short conversation before the activity began.
R.HASHIKA,12/12/2003,22,2026-09-07,Play,R.Hashika chose an activity independently and stayed engaged with it.
R.HASHIKA,12/12/2003,22,2026-09-07,Motor Skills,R.Hashika held a pencil or crayon with an appropriate grip while drawing.
R.HASHIKA,12/12/2003,22,2026-09-07,General Development,R.Hashika arrived ready for the day and settled into the routine smoothly.
R.HASHIKA,12/12/2003,22,2026-09-08,Communication,R.Hashika expressed a need clearly and waited patiently for a response.
R.HASHIKA,12/12/2003,22,2026-09-08,Social Interaction,R.Hashika took turns and shared materials with peers during a group activity.
R.HASHIKA,12/12/2003,22,2026-09-08,Play,R.Hashika used props creatively during pretend play with a peer.
R.HASHIKA,12/12/2003,22,2026-09-08,Motor Skills,"R.Hashika navigated the classroom space safely, avoiding obstacles."
R.HASHIKA,12/12/2003,22,2026-09-08,General Development,R.Hashika showed increasing independence in managing personal belongings.
R.HASHIKA,12/12/2003,22,2026-09-09,Communication,R.Hashika described a picture or object in detail using descriptive words.
R.HASHIKA,12/12/2003,22,2026-09-09,Social Interaction,R.Hashika worked alongside a peer on a shared task without conflict.
R.HASHIKA,12/12/2003,22,2026-09-09,Play,"R.Hashika engaged in imaginative play, creating a story around the activity."
R.HASHIKA,12/12/2003,22,2026-09-09,Motor Skills,R.Hashika threw and caught a ball with improving accuracy.
R.HASHIKA,12/12/2003,22,2026-09-09,General Development,R.Hashika adapted well to a small change in the daily schedule.
R.HASHIKA,12/12/2003,22,2026-09-10,Communication,R.Hashika followed a two-step verbal instruction without needing it repeated.
R.HASHIKA,12/12/2003,22,2026-09-10,Social Interaction,R.Hashika offered to help a classmate who was struggling with a task.
R.HASHIKA,12/12/2003,22,2026-09-10,Play,R.Hashika took on a role during group play and stayed in character.
R.HASHIKA,12/12/2003,22,2026-09-10,Motor Skills,R.Hashika showed good balance and coordination during physical activity.
R.HASHIKA,12/12/2003,22,2026-09-10,General Development,R.Hashika followed classroom routines with minimal reminders.
R.HASHIKA,12/12/2003,22,2026-09-11,Communication,R.Hashika initiated a conversation with a peer during free time.
R.HASHIKA,12/12/2003,22,2026-09-11,Social Interaction,R.Hashika joined an ongoing group activity smoothly and appropriately.
R.HASHIKA,12/12/2003,22,2026-09-11,Play,R.Hashika shared toys willingly during free play time.
R.HASHIKA,12/12/2003,22,2026-09-11,Motor Skills,R.Hashika used scissors carefully to cut along a line.
R.HASHIKA,12/12/2003,22,2026-09-11,General Development,R.Hashika showed overall steady progress and engagement in daily routines.
R.HASHIKA,12/12/2003,22,2026-09-12,Communication,"R.Hashika shared a story from earlier in the day, using clear and expressive language."
R.HASHIKA,12/12/2003,22,2026-09-12,Social Interaction,R.Hashika responded positively when a peer offered to share or help.
R.HASHIKA,12/12/2003,22,2026-09-12,Play,R.Hashika tried a new game and quickly understood the rules.
R.HASHIKA,12/12/2003,22,2026-09-12,Motor Skills,R.Hashika completed a hopping or jumping activity with steady rhythm.
R.HASHIKA,12/12/2003,22,2026-09-12,General Development,R.Hashika demonstrated growing confidence when trying a new task.
R.HASHIKA,12/12/2003,22,2026-09-13,Communication,R.Hashika answered questions about their day with relevant and organized responses.
R.HASHIKA,12/12/2003,22,2026-09-13,Social Interaction,R.Hashika invited others to join an activity and cooperated well throughout.
R.HASHIKA,12/12/2003,22,2026-09-13,Play,R.Hashika showed persistence while completing a challenging puzzle.
R.HASHIKA,12/12/2003,22,2026-09-13,Motor Skills,R.Hashika stacked or arranged small objects with a steady hand.
R.HASHIKA,12/12/2003,22,2026-09-13,General Development,R.Hashika stayed engaged and attentive throughout the session.
R.HASHIKA,12/12/2003,22,2026-09-14,Communication,R.Hashika used appropriate greetings and farewells with staff and peers.
R.HASHIKA,12/12/2003,22,2026-09-14,Social Interaction,R.Hashika maintained appropriate personal space and eye contact during interactions.
R.HASHIKA,12/12/2003,22,2026-09-14,Play,R.Hashika stayed focused on a building/construction activity for an extended time.
R.HASHIKA,12/12/2003,22,2026-09-14,Motor Skills,R.Hashika buttoned or zipped their own clothing without assistance.
R.HASHIKA,12/12/2003,22,2026-09-14,General Development,R.Hashika managed transitions between activities calmly and independently.
R.HASHIKA,12/12/2003,22,2026-09-15,Communication,R.Hashika expressed a preference between two choices when asked.
R.HASHIKA,12/12/2003,22,2026-09-15,Social Interaction,R.Hashika resolved a small disagreement with a peer calmly and with guidance.
R.HASHIKA,12/12/2003,22,2026-09-15,Play,"R.Hashika engaged in cooperative play, taking turns leading the activity."
R.HASHIKA,12/12/2003,22,2026-09-15,Motor Skills,R.Hashika used fine motor skills carefully while handling small objects.
R.HASHIKA,12/12/2003,22,2026-09-15,General Development,R.Hashika showed good self-regulation when faced with a minor frustration.
R.HASHIKA,12/12/2003,22,2026-09-16,Communication,R.Hashika recounted the sequence of an activity in the correct order.
R.HASHIKA,12/12/2003,22,2026-09-16,Social Interaction,R.Hashika celebrated a peer's success and offered words of encouragement.
R.HASHIKA,12/12/2003,22,2026-09-16,Play,R.Hashika displayed enjoyment and enthusiasm during outdoor play.
R.HASHIKA,12/12/2003,22,2026-09-16,Motor Skills,R.Hashika maintained balance while walking along a line or beam.
R.HASHIKA,12/12/2003,22,2026-09-16,General Development,R.Hashika completed a daily task independently with minimal guidance.
R.HASHIKA,12/12/2003,22,2026-09-17,Communication,R.Hashika used new vocabulary correctly while explaining an idea to others.
R.HASHIKA,12/12/2003,22,2026-09-17,Social Interaction,"R.Hashika participated actively in a group game, following the agreed rules."
R.HASHIKA,12/12/2003,22,2026-09-17,Play,R.Hashika organized materials thoughtfully before beginning an activity.
R.HASHIKA,12/12/2003,22,2026-09-17,Motor Skills,R.Hashika strung beads or threaded objects with good hand-eye coordination.
R.HASHIKA,12/12/2003,22,2026-09-17,General Development,R.Hashika displayed a positive and cooperative attitude throughout the day.
R.HASHIKA,12/12/2003,22,2026-09-18,Communication,R.Hashika asked for help using a complete sentence when facing a challenge.
R.HASHIKA,12/12/2003,22,2026-09-18,Social Interaction,R.Hashika showed empathy by comforting someone who was upset.
R.HASHIKA,12/12/2003,22,2026-09-18,Play,R.Hashika adapted play when a peer suggested a new idea.
R.HASHIKA,12/12/2003,22,2026-09-18,Motor Skills,R.Hashika participated in a stretching or warm-up routine with correct form.
R.HASHIKA,12/12/2003,22,2026-09-18,General Development,R.Hashika demonstrated an improved attention span during a focused task.
R.HASHIKA,12/12/2003,22,2026-09-19,Communication,"R.Hashika participated in a group discussion, waiting for their turn to speak."
R.HASHIKA,12/12/2003,22,2026-09-19,Social Interaction,R.Hashika waited patiently for their turn during a shared activity.
R.HASHIKA,12/12/2003,22,2026-09-19,Play,R.Hashika explored a new activity independently with curiosity.
R.HASHIKA,12/12/2003,22,2026-09-19,Motor Skills,R.Hashika poured liquid from one container to another with control.
R.HASHIKA,12/12/2003,22,2026-09-19,General Development,R.Hashika took initiative to start a task without being prompted.
R.HASHIKA,12/12/2003,22,2026-09-20,Communication,R.Hashika used gestures and words together to communicate a request effectively.
R.HASHIKA,12/12/2003,22,2026-09-20,Social Interaction,R.Hashika complimented a peer's work and engaged in friendly conversation.
R.HASHIKA,12/12/2003,22,2026-09-20,Play,R.Hashika transitioned smoothly between two different play activities.
R.HASHIKA,12/12/2003,22,2026-09-20,Motor Skills,"R.Hashika ran, jumped, or climbed confidently during outdoor play."
R.HASHIKA,12/12/2003,22,2026-09-20,General Development,R.Hashika reflected positively on their day when asked how it went.
MUHAMMAD YUSUF,29/07/2019,7,2026-09-07,Communication,Muhammad Yusuf asked several questions and described what they were doing in complete sentences.
MUHAMMAD YUSUF,29/07/2019,7,2026-09-07,Social Interaction,Muhammad Yusuf greeted peers warmly and initiated a short conversation before the activity began.
MUHAMMAD YUSUF,29/07/2019,7,2026-09-07,Play,Muhammad Yusuf chose an activity independently and stayed engaged with it.
MUHAMMAD YUSUF,29/07/2019,7,2026-09-07,Motor Skills,Muhammad Yusuf held a pencil or crayon with an appropriate grip while drawing.
MUHAMMAD YUSUF,29/07/2019,7,2026-09-07,General Development,Muhammad Yusuf arrived ready for the day and settled into the routine smoothly.
MUHAMMAD YUSUF,29/07/2019,7,2026-09-08,Communication,Muhammad Yusuf expressed a need clearly and waited patiently for a response.
MUHAMMAD YUSUF,29/07/2019,7,2026-09-08,Social Interaction,Muhammad Yusuf took turns and shared materials with peers during a group activity.
MUHAMMAD YUSUF,29/07/2019,7,2026-09-08,Play,Muhammad Yusuf used props creatively during pretend play with a peer.
MUHAMMAD YUSUF,29/07/2019,7,2026-09-08,Motor Skills,"Muhammad Yusuf navigated the classroom space safely, avoiding obstacles."
MUHAMMAD YUSUF,29/07/2019,7,2026-09-08,General Development,Muhammad Yusuf showed increasing independence in managing personal belongings.
MUHAMMAD YUSUF,29/07/2019,7,2026-09-09,Communication,Muhammad Yusuf described a picture or object in detail using descriptive words.
MUHAMMAD YUSUF,29/07/2019,7,2026-09-09,Social Interaction,Muhammad Yusuf worked alongside a peer on a shared task without conflict.
MUHAMMAD YUSUF,29/07/2019,7,2026-09-09,Play,"Muhammad Yusuf engaged in imaginative play, creating a story around the activity."
MUHAMMAD YUSUF,29/07/2019,7,2026-09-09,Motor Skills,Muhammad Yusuf threw and caught a ball with improving accuracy.
MUHAMMAD YUSUF,29/07/2019,7,2026-09-09,General Development,Muhammad Yusuf adapted well to a small change in the daily schedule.
MUHAMMAD YUSUF,29/07/2019,7,2026-09-10,Communication,Muhammad Yusuf followed a two-step verbal instruction without needing it repeated.
MUHAMMAD YUSUF,29/07/2019,7,2026-09-10,Social Interaction,Muhammad Yusuf offered to help a classmate who was struggling with a task.
MUHAMMAD YUSUF,29/07/2019,7,2026-09-10,Play,Muhammad Yusuf took on a role during group play and stayed in character.
MUHAMMAD YUSUF,29/07/2019,7,2026-09-10,Motor Skills,Muhammad Yusuf showed good balance and coordination during physical activity.
MUHAMMAD YUSUF,29/07/2019,7,2026-09-10,General Development,Muhammad Yusuf followed classroom routines with minimal reminders.
MUHAMMAD YUSUF,29/07/2019,7,2026-09-11,Communication,Muhammad Yusuf initiated a conversation with a peer during free time.
MUHAMMAD YUSUF,29/07/2019,7,2026-09-11,Social Interaction,Muhammad Yusuf joined an ongoing group activity smoothly and appropriately.
MUHAMMAD YUSUF,29/07/2019,7,2026-09-11,Play,Muhammad Yusuf shared toys willingly during free play time.
MUHAMMAD YUSUF,29/07/2019,7,2026-09-11,Motor Skills,Muhammad Yusuf used scissors carefully to cut along a line.
MUHAMMAD YUSUF,29/07/2019,7,2026-09-11,General Development,Muhammad Yusuf showed overall steady progress and engagement in daily routines.
MUHAMMAD YUSUF,29/07/2019,7,2026-09-12,Communication,"Muhammad Yusuf shared a story from earlier in the day, using clear and expressive language."
MUHAMMAD YUSUF,29/07/2019,7,2026-09-12,Social Interaction,Muhammad Yusuf responded positively when a peer offered to share or help.
MUHAMMAD YUSUF,29/07/2019,7,2026-09-12,Play,Muhammad Yusuf tried a new game and quickly understood the rules.
MUHAMMAD YUSUF,29/07/2019,7,2026-09-12,Motor Skills,Muhammad Yusuf completed a hopping or jumping activity with steady rhythm.
MUHAMMAD YUSUF,29/07/2019,7,2026-09-12,General Development,Muhammad Yusuf demonstrated growing confidence when trying a new task.
MUHAMMAD YUSUF,29/07/2019,7,2026-09-13,Communication,Muhammad Yusuf answered questions about their day with relevant and organized responses.
MUHAMMAD YUSUF,29/07/2019,7,2026-09-13,Social Interaction,Muhammad Yusuf invited others to join an activity and cooperated well throughout.
MUHAMMAD YUSUF,29/07/2019,7,2026-09-13,Play,Muhammad Yusuf showed persistence while completing a challenging puzzle.
MUHAMMAD YUSUF,29/07/2019,7,2026-09-13,Motor Skills,Muhammad Yusuf stacked or arranged small objects with a steady hand.
MUHAMMAD YUSUF,29/07/2019,7,2026-09-13,General Development,Muhammad Yusuf stayed engaged and attentive throughout the session.
MUHAMMAD YUSUF,29/07/2019,7,2026-09-14,Communication,Muhammad Yusuf used appropriate greetings and farewells with staff and peers.
MUHAMMAD YUSUF,29/07/2019,7,2026-09-14,Social Interaction,Muhammad Yusuf maintained appropriate personal space and eye contact during interactions.
MUHAMMAD YUSUF,29/07/2019,7,2026-09-14,Play,Muhammad Yusuf stayed focused on a building/construction activity for an extended time.
MUHAMMAD YUSUF,29/07/2019,7,2026-09-14,Motor Skills,Muhammad Yusuf buttoned or zipped their own clothing without assistance.
MUHAMMAD YUSUF,29/07/2019,7,2026-09-14,General Development,Muhammad Yusuf managed transitions between activities calmly and independently.
MUHAMMAD YUSUF,29/07/2019,7,2026-09-15,Communication,Muhammad Yusuf expressed a preference between two choices when asked.
MUHAMMAD YUSUF,29/07/2019,7,2026-09-15,Social Interaction,Muhammad Yusuf resolved a small disagreement with a peer calmly and with guidance.
MUHAMMAD YUSUF,29/07/2019,7,2026-09-15,Play,"Muhammad Yusuf engaged in cooperative play, taking turns leading the activity."
MUHAMMAD YUSUF,29/07/2019,7,2026-09-15,Motor Skills,Muhammad Yusuf used fine motor skills carefully while handling small objects.
MUHAMMAD YUSUF,29/07/2019,7,2026-09-15,General Development,Muhammad Yusuf showed good self-regulation when faced with a minor frustration.
MUHAMMAD YUSUF,29/07/2019,7,2026-09-16,Communication,Muhammad Yusuf recounted the sequence of an activity in the correct order.
MUHAMMAD YUSUF,29/07/2019,7,2026-09-16,Social Interaction,Muhammad Yusuf celebrated a peer's success and offered words of encouragement.
MUHAMMAD YUSUF,29/07/2019,7,2026-09-16,Play,Muhammad Yusuf displayed enjoyment and enthusiasm during outdoor play.
MUHAMMAD YUSUF,29/07/2019,7,2026-09-16,Motor Skills,Muhammad Yusuf maintained balance while walking along a line or beam.
MUHAMMAD YUSUF,29/07/2019,7,2026-09-16,General Development,Muhammad Yusuf completed a daily task independently with minimal guidance.
MUHAMMAD YUSUF,29/07/2019,7,2026-09-17,Communication,Muhammad Yusuf used new vocabulary correctly while explaining an idea to others.
MUHAMMAD YUSUF,29/07/2019,7,2026-09-17,Social Interaction,"Muhammad Yusuf participated actively in a group game, following the agreed rules."
MUHAMMAD YUSUF,29/07/2019,7,2026-09-17,Play,Muhammad Yusuf organized materials thoughtfully before beginning an activity.
MUHAMMAD YUSUF,29/07/2019,7,2026-09-17,Motor Skills,Muhammad Yusuf strung beads or threaded objects with good hand-eye coordination.
MUHAMMAD YUSUF,29/07/2019,7,2026-09-17,General Development,Muhammad Yusuf displayed a positive and cooperative attitude throughout the day.
MUHAMMAD YUSUF,29/07/2019,7,2026-09-18,Communication,Muhammad Yusuf asked for help using a complete sentence when facing a challenge.
MUHAMMAD YUSUF,29/07/2019,7,2026-09-18,Social Interaction,Muhammad Yusuf showed empathy by comforting someone who was upset.
MUHAMMAD YUSUF,29/07/2019,7,2026-09-18,Play,Muhammad Yusuf adapted play when a peer suggested a new idea.
MUHAMMAD YUSUF,29/07/2019,7,2026-09-18,Motor Skills,Muhammad Yusuf participated in a stretching or warm-up routine with correct form.
MUHAMMAD YUSUF,29/07/2019,7,2026-09-18,General Development,Muhammad Yusuf demonstrated an improved attention span during a focused task.
MUHAMMAD YUSUF,29/07/2019,7,2026-09-19,Communication,"Muhammad Yusuf participated in a group discussion, waiting for their turn to speak."
MUHAMMAD YUSUF,29/07/2019,7,2026-09-19,Social Interaction,Muhammad Yusuf waited patiently for their turn during a shared activity.
MUHAMMAD YUSUF,29/07/2019,7,2026-09-19,Play,Muhammad Yusuf explored a new activity independently with curiosity.
MUHAMMAD YUSUF,29/07/2019,7,2026-09-19,Motor Skills,Muhammad Yusuf poured liquid from one container to another with control.
MUHAMMAD YUSUF,29/07/2019,7,2026-09-19,General Development,Muhammad Yusuf took initiative to start a task without being prompted.
MUHAMMAD YUSUF,29/07/2019,7,2026-09-20,Communication,Muhammad Yusuf used gestures and words together to communicate a request effectively.
MUHAMMAD YUSUF,29/07/2019,7,2026-09-20,Social Interaction,Muhammad Yusuf complimented a peer's work and engaged in friendly conversation.
MUHAMMAD YUSUF,29/07/2019,7,2026-09-20,Play,Muhammad Yusuf transitioned smoothly between two different play activities.
MUHAMMAD YUSUF,29/07/2019,7,2026-09-20,Motor Skills,"Muhammad Yusuf ran, jumped, or climbed confidently during outdoor play."
MUHAMMAD YUSUF,29/07/2019,7,2026-09-20,General Development,Muhammad Yusuf reflected positively on their day when asked how it went.
S.VAISHNAVI,01/01/2011,15,2026-09-07,Communication,S.Vaishnavi asked several questions and described what they were doing in complete sentences.
S.VAISHNAVI,01/01/2011,15,2026-09-07,Social Interaction,S.Vaishnavi greeted peers warmly and initiated a short conversation before the activity began.
S.VAISHNAVI,01/01/2011,15,2026-09-07,Play,S.Vaishnavi chose an activity independently and stayed engaged with it.
S.VAISHNAVI,01/01/2011,15,2026-09-07,Motor Skills,S.Vaishnavi held a pencil or crayon with an appropriate grip while drawing.
S.VAISHNAVI,01/01/2011,15,2026-09-07,General Development,S.Vaishnavi arrived ready for the day and settled into the routine smoothly.
S.VAISHNAVI,01/01/2011,15,2026-09-08,Communication,S.Vaishnavi expressed a need clearly and waited patiently for a response.
S.VAISHNAVI,01/01/2011,15,2026-09-08,Social Interaction,S.Vaishnavi took turns and shared materials with peers during a group activity.
S.VAISHNAVI,01/01/2011,15,2026-09-08,Play,S.Vaishnavi used props creatively during pretend play with a peer.
S.VAISHNAVI,01/01/2011,15,2026-09-08,Motor Skills,"S.Vaishnavi navigated the classroom space safely, avoiding obstacles."
S.VAISHNAVI,01/01/2011,15,2026-09-08,General Development,S.Vaishnavi showed increasing independence in managing personal belongings.
S.VAISHNAVI,01/01/2011,15,2026-09-09,Communication,S.Vaishnavi described a picture or object in detail using descriptive words.
S.VAISHNAVI,01/01/2011,15,2026-09-09,Social Interaction,S.Vaishnavi worked alongside a peer on a shared task without conflict.
S.VAISHNAVI,01/01/2011,15,2026-09-09,Play,"S.Vaishnavi engaged in imaginative play, creating a story around the activity."
S.VAISHNAVI,01/01/2011,15,2026-09-09,Motor Skills,S.Vaishnavi threw and caught a ball with improving accuracy.
S.VAISHNAVI,01/01/2011,15,2026-09-09,General Development,S.Vaishnavi adapted well to a small change in the daily schedule.
S.VAISHNAVI,01/01/2011,15,2026-09-10,Communication,S.Vaishnavi followed a two-step verbal instruction without needing it repeated.
S.VAISHNAVI,01/01/2011,15,2026-09-10,Social Interaction,S.Vaishnavi offered to help a classmate who was struggling with a task.
S.VAISHNAVI,01/01/2011,15,2026-09-10,Play,S.Vaishnavi took on a role during group play and stayed in character.
S.VAISHNAVI,01/01/2011,15,2026-09-10,Motor Skills,S.Vaishnavi showed good balance and coordination during physical activity.
S.VAISHNAVI,01/01/2011,15,2026-09-10,General Development,S.Vaishnavi followed classroom routines with minimal reminders.
S.VAISHNAVI,01/01/2011,15,2026-09-11,Communication,S.Vaishnavi initiated a conversation with a peer during free time.
S.VAISHNAVI,01/01/2011,15,2026-09-11,Social Interaction,S.Vaishnavi joined an ongoing group activity smoothly and appropriately.
S.VAISHNAVI,01/01/2011,15,2026-09-11,Play,S.Vaishnavi shared toys willingly during free play time.
S.VAISHNAVI,01/01/2011,15,2026-09-11,Motor Skills,S.Vaishnavi used scissors carefully to cut along a line.
S.VAISHNAVI,01/01/2011,15,2026-09-11,General Development,S.Vaishnavi showed overall steady progress and engagement in daily routines.
S.VAISHNAVI,01/01/2011,15,2026-09-12,Communication,"S.Vaishnavi shared a story from earlier in the day, using clear and expressive language."
S.VAISHNAVI,01/01/2011,15,2026-09-12,Social Interaction,S.Vaishnavi responded positively when a peer offered to share or help.
S.VAISHNAVI,01/01/2011,15,2026-09-12,Play,S.Vaishnavi tried a new game and quickly understood the rules.
S.VAISHNAVI,01/01/2011,15,2026-09-12,Motor Skills,S.Vaishnavi completed a hopping or jumping activity with steady rhythm.
S.VAISHNAVI,01/01/2011,15,2026-09-12,General Development,S.Vaishnavi demonstrated growing confidence when trying a new task.
S.VAISHNAVI,01/01/2011,15,2026-09-13,Communication,S.Vaishnavi answered questions about their day with relevant and organized responses.
S.VAISHNAVI,01/01/2011,15,2026-09-13,Social Interaction,S.Vaishnavi invited others to join an activity and cooperated well throughout.
S.VAISHNAVI,01/01/2011,15,2026-09-13,Play,S.Vaishnavi showed persistence while completing a challenging puzzle.
S.VAISHNAVI,01/01/2011,15,2026-09-13,Motor Skills,S.Vaishnavi stacked or arranged small objects with a steady hand.
S.VAISHNAVI,01/01/2011,15,2026-09-13,General Development,S.Vaishnavi stayed engaged and attentive throughout the session.
S.VAISHNAVI,01/01/2011,15,2026-09-14,Communication,S.Vaishnavi used appropriate greetings and farewells with staff and peers.
S.VAISHNAVI,01/01/2011,15,2026-09-14,Social Interaction,S.Vaishnavi maintained appropriate personal space and eye contact during interactions.
S.VAISHNAVI,01/01/2011,15,2026-09-14,Play,S.Vaishnavi stayed focused on a building/construction activity for an extended time.
S.VAISHNAVI,01/01/2011,15,2026-09-14,Motor Skills,S.Vaishnavi buttoned or zipped their own clothing without assistance.
S.VAISHNAVI,01/01/2011,15,2026-09-14,General Development,S.Vaishnavi managed transitions between activities calmly and independently.
S.VAISHNAVI,01/01/2011,15,2026-09-15,Communication,S.Vaishnavi expressed a preference between two choices when asked.
S.VAISHNAVI,01/01/2011,15,2026-09-15,Social Interaction,S.Vaishnavi resolved a small disagreement with a peer calmly and with guidance.
S.VAISHNAVI,01/01/2011,15,2026-09-15,Play,"S.Vaishnavi engaged in cooperative play, taking turns leading the activity."
S.VAISHNAVI,01/01/2011,15,2026-09-15,Motor Skills,S.Vaishnavi used fine motor skills carefully while handling small objects.
S.VAISHNAVI,01/01/2011,15,2026-09-15,General Development,S.Vaishnavi showed good self-regulation when faced with a minor frustration.
S.VAISHNAVI,01/01/2011,15,2026-09-16,Communication,S.Vaishnavi recounted the sequence of an activity in the correct order.
S.VAISHNAVI,01/01/2011,15,2026-09-16,Social Interaction,S.Vaishnavi celebrated a peer's success and offered words of encouragement.
S.VAISHNAVI,01/01/2011,15,2026-09-16,Play,S.Vaishnavi displayed enjoyment and enthusiasm during outdoor play.
S.VAISHNAVI,01/01/2011,15,2026-09-16,Motor Skills,S.Vaishnavi maintained balance while walking along a line or beam.
S.VAISHNAVI,01/01/2011,15,2026-09-16,General Development,S.Vaishnavi completed a daily task independently with minimal guidance.
S.VAISHNAVI,01/01/2011,15,2026-09-17,Communication,S.Vaishnavi used new vocabulary correctly while explaining an idea to others.
S.VAISHNAVI,01/01/2011,15,2026-09-17,Social Interaction,"S.Vaishnavi participated actively in a group game, following the agreed rules."
S.VAISHNAVI,01/01/2011,15,2026-09-17,Play,S.Vaishnavi organized materials thoughtfully before beginning an activity.
S.VAISHNAVI,01/01/2011,15,2026-09-17,Motor Skills,S.Vaishnavi strung beads or threaded objects with good hand-eye coordination.
S.VAISHNAVI,01/01/2011,15,2026-09-17,General Development,S.Vaishnavi displayed a positive and cooperative attitude throughout the day.
S.VAISHNAVI,01/01/2011,15,2026-09-18,Communication,S.Vaishnavi asked for help using a complete sentence when facing a challenge.
S.VAISHNAVI,01/01/2011,15,2026-09-18,Social Interaction,S.Vaishnavi showed empathy by comforting someone who was upset.
S.VAISHNAVI,01/01/2011,15,2026-09-18,Play,S.Vaishnavi adapted play when a peer suggested a new idea.
S.VAISHNAVI,01/01/2011,15,2026-09-18,Motor Skills,S.Vaishnavi participated in a stretching or warm-up routine with correct form.
S.VAISHNAVI,01/01/2011,15,2026-09-18,General Development,S.Vaishnavi demonstrated an improved attention span during a focused task.
S.VAISHNAVI,01/01/2011,15,2026-09-19,Communication,"S.Vaishnavi participated in a group discussion, waiting for their turn to speak."
S.VAISHNAVI,01/01/2011,15,2026-09-19,Social Interaction,S.Vaishnavi waited patiently for their turn during a shared activity.
S.VAISHNAVI,01/01/2011,15,2026-09-19,Play,S.Vaishnavi explored a new activity independently with curiosity.
S.VAISHNAVI,01/01/2011,15,2026-09-19,Motor Skills,S.Vaishnavi poured liquid from one container to another with control.
S.VAISHNAVI,01/01/2011,15,2026-09-19,General Development,S.Vaishnavi took initiative to start a task without being prompted.
S.VAISHNAVI,01/01/2011,15,2026-09-20,Communication,S.Vaishnavi used gestures and words together to communicate a request effectively.
S.VAISHNAVI,01/01/2011,15,2026-09-20,Social Interaction,S.Vaishnavi complimented a peer's work and engaged in friendly conversation.
S.VAISHNAVI,01/01/2011,15,2026-09-20,Play,S.Vaishnavi transitioned smoothly between two different play activities.
S.VAISHNAVI,01/01/2011,15,2026-09-20,Motor Skills,"S.Vaishnavi ran, jumped, or climbed confidently during outdoor play."
S.VAISHNAVI,01/01/2011,15,2026-09-20,General Development,S.Vaishnavi reflected positively on their day when asked how it went.
